wave,flux
2620.0003,2.6201577e-15
2620.3936,1.9927080e-15
2620.7869,-7.3246524e-15
2621.1803,-1.4492627e-14
2621.5738,-1.7693461e-14
2621.9673,-1.2805422e-14
2622.3608,-1.1479294e-14
2622.7545,-1.1548925e-14
2623.1481,-1.3504037e-14
2623.5419,-8.5385147e-15
2623.9357,-6.3952721e-15
2624.3296,-8.9348257e-15
2624.7235,-2.0442552e-14
2625.1175,-2.6503211e-14
2625.5115,-2.4929107e-14
2625.9056,-1.3021987e-14
2626.2998,-3.7165846e-15
2626.6940,3.1322637e-15
2627.0883,4.7655567e-15
2627.4826,1.0355112e-14
2627.8770,1.5035022e-14
2628.2714,1.8608078e-14
2628.6660,1.1448116e-14
2629.0605,2.0747811e-16
2629.4552,-1.2545898e-14
2629.8499,-1.5455023e-14
2630.2446,-1.1608749e-14
2630.6394,-2.5666055e-15
2631.0343,3.5293361e-16
2631.4292,1.2536779e-15
2631.8242,-5.7503297e-16
2632.2192,5.0071304e-15
2632.6143,1.3491857e-14
2633.0095,2.3799906e-14
2633.4047,2.3066888e-14
2633.8000,1.1913590e-14
2634.1954,-1.1121376e-14
2634.5908,-3.2676289e-14
2634.9862,-4.8622917e-14
2635.3818,-4.9118463e-14
2635.7773,-3.8458109e-14
2636.1730,-1.4204136e-14
2636.5687,1.2201572e-14
2636.9644,3.7450601e-14
2637.3603,4.8370911e-14
2637.7561,4.5933225e-14
2638.1521,2.8145897e-14
2638.5481,8.0218029e-15
2638.9441,-1.1408210e-14
2639.3402,-2.0731694e-14
2639.7364,-2.4635057e-14
2640.1326,-1.9775564e-14
2640.5289,-1.3310577e-14
2640.9253,-2.1399450e-15
2641.3217,6.6162086e-15
2641.7182,1.6151036e-14
2642.1147,1.9051649e-14
2642.5113,1.8080336e-14
2642.9080,7.8849356e-15
2643.3047,-4.4405081e-15
2643.7014,-1.9901027e-14
2644.0983,-2.9659867e-14
2644.4952,-3.6045356e-14
2644.8921,-3.2748922e-14
2645.2891,-2.5320030e-14
2645.6862,-1.0828933e-14
2646.0833,1.7570190e-15
2646.4805,1.3643763e-14
2646.8777,1.8252353e-14
2647.2750,2.2570527e-14
2647.6724,2.3775472e-14
2648.0698,2.5931325e-14
2648.4673,1.9749624e-14
2648.8649,8.2466214e-15
2649.2625,-9.8282326e-15
2649.6601,-2.0319093e-14
2650.0579,-2.2286027e-14
2650.4556,-1.1986863e-14
2650.8535,-1.0626858e-15
2651.2514,1.0077411e-14
2651.6494,1.4590305e-14
2652.0474,1.8318987e-14
2652.4455,1.6684027e-14
2652.8436,1.3102162e-14
2653.2418,1.4455374e-15
2653.6401,-1.2062799e-14
2654.0384,-2.7874455e-14
2654.4368,-3.5294633e-14
2654.8352,-3.5168389e-14
2655.2337,-2.2574083e-14
2655.6323,-6.0455726e-15
2656.0309,1.4326776e-14
2656.4296,2.9697452e-14
2656.8283,4.3601414e-14
2657.2271,5.0637512e-14
2657.6260,5.4935208e-14
2658.0249,4.9065261e-14
2658.4239,3.5794195e-14
2658.8229,9.8076432e-15
2659.2220,-1.7750781e-14
2659.6212,-4.1398661e-14
2660.0204,-4.6985905e-14
2660.4197,-4.0523994e-14
2660.8190,-2.7490522e-14
2661.2184,-2.3111336e-14
2661.6179,-2.1658442e-14
2662.0174,-1.9651924e-14
2662.4170,-5.0994493e-15
2662.8166,1.2625406e-14
2663.2163,2.8305675e-14
2663.6161,2.9930942e-14
2664.0159,2.4794122e-14
2664.4158,1.4895710e-14
2664.8157,1.1155270e-14
2665.2157,7.8465605e-15
2665.6158,6.0285212e-15
2666.0159,-2.8351506e-15
2666.4161,-1.1421059e-14
2666.8163,-1.9056969e-14
2667.2166,-1.5406107e-14
2667.6170,-7.2275043e-15
2668.0174,2.5732026e-15
2668.4179,1.0008093e-15
2668.8184,-7.8422385e-15
2669.2190,-2.1001542e-14
2669.6197,-2.3241963e-14
2670.0204,-1.6200257e-14
2670.4212,-7.5584740e-16
2670.8220,8.4848859e-15
2671.2229,1.3562043e-14
2671.6239,1.4914462e-14
2672.0249,2.5581386e-14
2672.4260,3.8731565e-14
2672.8271,4.8809530e-14
2673.2283,4.0473037e-14
2673.6296,2.1503041e-14
2674.0309,-2.1099942e-15
2674.4323,-1.4702631e-14
2674.8337,-2.0207823e-14
2675.2352,-1.6893429e-14
2675.6368,-1.3415064e-14
2676.0384,-5.6296112e-15
2676.4401,1.0486354e-15
2676.8418,1.3782165e-14
2677.2436,2.8765802e-14
2677.6455,4.8132377e-14
2678.0474,5.5998239e-14
2678.4494,4.5762208e-14
2678.8515,9.2210820e-15
2679.2536,-3.5984032e-14
2679.6557,-7.3523710e-14
2680.0580,-8.2519484e-14
2680.4602,-6.9172797e-14
2680.8626,-4.1973481e-14
2681.2650,-1.7801369e-14
2681.6675,1.0549776e-14
2682.0700,4.8587176e-14
2682.4726,1.0282666e-13
2682.8752,1.4368854e-13
2683.2779,1.3490525e-13
2683.6807,4.4425322e-14
2684.0835,-1.0052106e-13
2684.4864,-2.3262188e-13
2684.8894,-2.6578733e-13
2685.2924,-1.7600742e-13
2685.6955,-1.9637652e-15
2686.0986,1.6697073e-13
2686.5018,2.6786557e-13
2686.9050,2.6444267e-13
2687.3084,1.6163075e-13
2687.7117,-1.4415482e-14
2688.1152,-1.8687204e-13
2688.5187,-2.7558658e-13
2688.9222,-2.3098804e-13
2689.3258,-9.2349946e-14
2689.7295,6.0238049e-14
2690.1333,1.4675587e-13
2690.5371,1.5315644e-13
2690.9409,1.0581856e-13
2691.3448,5.5300487e-14
2691.7488,1.8722767e-14
2692.1529,-3.9777861e-15
2692.5570,-3.3112430e-14
2692.9611,-6.3893885e-14
2693.3654,-8.5571969e-14
2693.7696,-7.4183520e-14
2694.1740,-3.4063036e-14
2694.5784,2.0273109e-14
2694.9829,5.6395506e-14
2695.3874,6.4401656e-14
2695.7920,4.3921371e-14
2696.1966,1.8801441e-14
2696.6013,-8.2624761e-16
2697.0061,-7.4812528e-15
2697.4109,-1.5510348e-14
2697.8158,-2.6086222e-14
2698.2208,-3.9100696e-14
2698.6258,-3.5265676e-14
2699.0309,-1.2799286e-14
2699.4360,2.4604573e-14
2699.8412,5.2532530e-14
2700.2465,6.3631573e-14
2700.6518,5.3599562e-14
2701.0571,3.9295800e-14
2701.4626,2.3443903e-14
2701.8681,1.2622108e-14
2702.2736,-2.3896277e-15
2702.6793,-1.8514310e-14
2703.0850,-3.8680223e-14
2703.4907,-5.0920790e-14
2703.8965,-5.4041506e-14
2704.3024,-4.1436398e-14
2704.7083,-2.3719831e-14
2705.1143,-3.7594288e-15
2705.5203,5.9690024e-15
2705.9264,9.2190706e-15
2706.3326,3.1057865e-15
2706.7388,-2.8011199e-15
2707.1451,-1.1201398e-14
2707.5515,-1.6538234e-14
2707.9579,-2.5274382e-14
2708.3644,-3.0367520e-14
2708.7709,-3.1858547e-14
2709.1775,-1.7807548e-14
2709.5842,7.7243262e-15
2709.9909,4.3937180e-14
2710.3977,7.1455608e-14
2710.8045,8.2489235e-14
2711.2114,6.4835288e-14
2711.6184,2.8547000e-14
2712.0254,-1.7915931e-14
2712.4325,-5.1578118e-14
2712.8396,-6.4971950e-14
2713.2468,-4.9728448e-14
2713.6541,-1.9972645e-14
2714.0614,1.6356775e-14
2714.4688,4.0640416e-14
2714.8763,5.1914258e-14
2715.2838,4.5839438e-14
2715.6914,3.5114106e-14
2716.0990,2.1347153e-14
2716.5067,1.4042875e-14
2716.9144,6.3308118e-15
2717.3223,5.1664155e-16
2717.7301,-1.2269857e-14
2718.1381,-2.5691754e-14
2718.5461,-4.1526851e-14
2718.9542,-4.8546550e-14
2719.3623,-4.9166897e-14
2719.7705,-3.9053224e-14
2720.1787,-2.7272207e-14
2720.5870,-1.1992346e-14
2720.9954,-1.1779848e-15
2721.4038,9.3881512e-15
2721.8123,1.2689372e-14
2722.2209,1.4153241e-14
2722.6295,8.5335196e-15
2723.0382,3.2227816e-15
2723.4469,-5.7830959e-15
2723.8557,-1.0497626e-14
2724.2646,-1.4600258e-14
2724.6735,-1.1316486e-14
2725.0825,-7.6551715e-15
2725.4915,-3.9776903e-16
2725.9006,2.8498095e-15
2726.3098,8.5993664e-15
2726.7190,1.2730159e-14
2727.1283,1.9950175e-14
2727.5377,2.0188446e-14
2727.9471,1.6075520e-14
2728.3566,2.6574062e-15
2728.7661,-8.7287623e-15
2729.1757,-1.8436402e-14
2729.5854,-1.7590984e-14
2729.9951,-1.3297107e-14
2730.4049,-2.5628755e-15
2730.8147,5.8125715e-15
2731.2246,1.6237682e-14
2731.6346,2.1005372e-14
2732.0446,2.4089947e-14
2732.4547,1.7156179e-14
2732.8648,7.1490380e-15
2733.2751,-7.8660787e-15
2733.6853,-1.6748179e-14
2734.0957,-2.2341206e-14
2734.5061,-1.8032824e-14
2734.9165,-1.1790052e-14
2735.3271,-3.7670884e-16
2735.7376,8.4731344e-15
2736.1483,1.9801733e-14
2736.5590,2.6128040e-14
2736.9698,3.0595767e-14
2737.3806,2.3428943e-14
2737.7915,9.0038300e-15
2738.2024,-1.5718527e-14
2738.6134,-3.7622389e-14
2739.0245,-5.3965931e-14
2739.4357,-5.3103433e-14
2739.8469,-4.1260234e-14
2740.2581,-1.7675110e-14
2740.6694,3.9777096e-15
2741.0808,2.2526151e-14
2741.4923,2.7917591e-14
2741.9038,2.6748396e-14
2742.3154,1.6381546e-14
2742.7270,7.5825254e-15
2743.1387,-2.8524840e-15
2743.5504,-8.0201477e-15
2743.9623,-1.4492939e-14
2744.3741,-1.6270544e-14
2744.7861,-1.7737851e-14
2745.1981,-1.0399654e-14
2745.6101,-5.5326679e-16
2746.0223,1.4141192e-14
2746.4345,2.2737633e-14
2746.8467,2.7862564e-14
2747.2590,2.2729919e-14
2747.6714,1.4212887e-14
2748.0838,-1.4590185e-15
2748.4963,-1.4300753e-14
2748.9089,-2.5919594e-14
2749.3215,-2.7508558e-14
2749.7342,-2.4352635e-14
2750.1469,-1.0790005e-14
2750.5597,5.8175308e-15
2750.9726,2.7879262e-14
2751.3855,4.2763361e-14
2751.7985,4.9027927e-14
2752.2116,3.8196083e-14
2752.6247,2.1062141e-14
2753.0379,8.0286747e-16
2753.4511,-9.3116742e-15
2753.8644,-1.4769050e-14
2754.2778,-1.3331527e-14
2754.6912,-1.4838828e-14
2755.1047,-1.3647487e-14
2755.5183,-1.4486512e-14
2755.9319,-9.9831995e-15
2756.3456,-6.6951222e-15
2756.7593,-7.6488242e-17
2757.1731,2.5000533e-15
2757.5870,6.8753605e-15
2758.0009,6.3742826e-15
2758.4149,6.4979598e-15
2758.8289,5.1100362e-16
2759.2430,-5.2268484e-15
2759.6572,-1.4752305e-14
2760.0714,-1.9356477e-14
2760.4857,-2.3608652e-14
2760.9001,-2.0426828e-14
2761.3145,-1.6410173e-14
2761.7290,-6.9207726e-15
2762.1435,7.6204516e-17
2762.5582,9.9109369e-15
2762.9728,1.5749392e-14
2763.3876,2.2144977e-14
2763.8024,1.9742466e-14
2764.2172,1.2924473e-14
2764.6321,-1.0792762e-15
2765.0471,-7.7929712e-15
2765.4622,-7.7035696e-15
2765.8773,7.0045590e-15
2766.2924,2.4046904e-14
2766.7077,3.9936824e-14
2767.1230,4.0700143e-14
2767.5383,3.0316541e-14
2767.9537,6.4988727e-15
2768.3692,-1.6031295e-14
2768.7848,-3.4112782e-14
2769.2004,-3.5783818e-14
2769.6160,-2.8394257e-14
2770.0318,-1.2253804e-14
2770.4476,-1.4613085e-15
2770.8634,6.2052189e-15
2771.2793,5.7893587e-15
2771.6953,7.7691310e-15
2772.1113,8.0439000e-15
2772.5274,1.0839957e-14
2772.9436,6.2323722e-15
2773.3598,1.3212886e-15
2773.7761,-5.9026216e-15
2774.1925,-4.6296136e-15
2774.6089,-1.9372499e-15
2775.0254,3.4258891e-15
2775.4419,3.8476750e-16
2775.8585,-3.8000599e-15
2776.2752,-8.9039179e-15
2776.6919,-3.1763410e-15
2777.1087,3.9873481e-15
2777.5256,9.3148539e-15
2777.9425,6.4828776e-17
2778.3595,-1.2971056e-14
2778.7765,-2.5754404e-14
2779.1936,-2.5500966e-14
2779.6108,-1.9286036e-14
2780.0280,-6.3397365e-15
2780.4453,2.5222719e-15
2780.8627,1.2121420e-14
2781.2801,1.6189892e-14
2781.6976,2.0149572e-14
2782.1151,1.6133734e-14
2782.5327,1.0354635e-14
2782.9504,-6.5178596e-16
2783.3681,-6.3537608e-15
2783.7859,-9.1044849e-15
2784.2038,-3.0257040e-15
2784.6217,1.0748154e-15
2785.0397,3.2211596e-15
2785.4577,-5.8623729e-15
2785.8758,-1.7043368e-14
2786.2940,-3.0138432e-14
2786.7122,-3.2823338e-14
2787.1305,-2.9841186e-14
2787.5489,-1.7898145e-14
2787.9673,-7.8491703e-15
2788.3858,3.9545117e-15
2788.8043,1.1002786e-14
2789.2229,2.0961378e-14
2789.6416,2.7217443e-14
2790.0604,3.3523191e-14
2790.4792,2.9827043e-14
2790.8980,2.2088203e-14
2791.3169,7.4092163e-15
2791.7359,-1.7385180e-15
2792.1550,-6.7824126e-15
2792.5741,-3.9159916e-16
2792.9933,6.6917281e-15
2793.4125,1.6262571e-14
2793.8318,1.8119041e-14
2794.2512,1.7669663e-14
2794.6706,9.4872656e-15
2795.0901,1.4513614e-15
2795.5096,-1.0742685e-14
2795.9293,-1.8064840e-14
2796.3489,-2.4224119e-14
2796.7687,-2.0085816e-14
2797.1885,-1.2640153e-14
2797.6084,9.7723381e-16
2798.0283,9.1698918e-15
2798.4483,1.5843398e-14
2798.8683,1.5115077e-14
2799.2885,1.5695478e-14
2799.7087,1.2545318e-14
2800.1289,1.1538076e-14
2800.5492,3.7611871e-15
2800.9696,-5.2955199e-15
2801.3900,-2.0803397e-14
2801.8105,-3.1614716e-14
2802.2311,-3.9000047e-14
2802.6517,-3.2705403e-14
2803.0724,-2.0095207e-14
2803.4931,6.5123623e-16
2803.9140,1.6622759e-14
2804.3348,2.9483179e-14
2804.7558,3.0615997e-14
2805.1768,2.5803137e-14
2805.5979,8.9805176e-15
2806.0190,-1.0625005e-14
2806.4402,-3.4128269e-14
2806.8614,-4.6387066e-14
2807.2828,-4.7515750e-14
2807.7041,-2.9746547e-14
2808.1256,-7.4460889e-15
2808.5471,1.4447486e-14
2808.9687,1.9650819e-14
2809.3903,1.4338581e-14
2809.8120,-5.2375228e-16
2810.2338,-7.0932409e-15
2810.6556,-7.2885155e-15
2811.0775,2.7328894e-15
2811.4994,8.4841199e-15
2811.9215,1.1600215e-14
2812.3435,6.4513432e-15
2812.7657,6.0938324e-15
2813.1879,8.7091808e-15
2813.6102,2.0061825e-14
2814.0325,2.6308716e-14
2814.4549,2.7232964e-14
2814.8774,1.4299158e-14
2815.2999,4.8312112e-16
2815.7225,-1.3032048e-14
2816.1451,-1.4863117e-14
2816.5678,-1.4361661e-14
2816.9906,-1.0165845e-14
2817.4134,-1.3682563e-14
2817.8364,-1.6604800e-14
2818.2593,-2.2500500e-14
2818.6824,-1.9121097e-14
2819.1054,-1.3155689e-14
2819.5286,-1.2286308e-15
2819.9518,5.3328918e-15
2820.3751,1.2087793e-14
2820.7985,9.9454457e-15
2821.2219,6.4733239e-15
2821.6454,-4.4384661e-15
2822.0689,-1.3772739e-14
2822.4925,-2.4938074e-14
2822.9162,-2.6423984e-14
2823.3399,-2.1065651e-14
2823.7637,-1.4656567e-15
2824.1875,1.9696326e-14
2824.6115,3.9091180e-14
2825.0355,4.0967674e-14
2825.4595,3.1603708e-14
2825.8836,1.1523427e-14
2826.3078,-2.4994377e-15
2826.7320,-1.2359259e-14
2827.1563,-1.2794160e-14
2827.5807,-1.5122028e-14
2828.0051,-1.3860071e-14
2828.4296,-1.3642229e-14
2828.8542,-4.3541521e-15
2829.2788,6.0641568e-15
2829.7035,1.9741786e-14
2830.1282,2.3828405e-14
2830.5531,2.2367310e-14
2830.9779,8.7363276e-15
2831.4029,-5.3845272e-15
2831.8279,-2.1946669e-14
2832.2529,-3.0781533e-14
2832.6781,-3.8889600e-14
2833.1033,-3.9158943e-14
2833.5285,-3.6106521e-14
2833.9539,-1.8556554e-14
2834.3792,7.2358601e-15
2834.8047,4.2254531e-14
2835.2302,6.6521298e-14
2835.6558,7.4705856e-14
2836.0814,5.5528397e-14
2836.5071,2.3735275e-14
2836.9329,-1.2066991e-14
2837.3587,-3.0234234e-14
2837.7846,-3.3441185e-14
2838.2106,-2.0650711e-14
2838.6366,-8.8634268e-15
2839.0627,2.8242396e-15
2839.4889,8.2638526e-15
2839.9151,1.7276402e-14
2840.3414,2.1936781e-14
2840.7677,2.5861366e-14
2841.1941,1.8806750e-14
2841.6206,9.3773839e-15
2842.0471,-4.2584623e-15
2842.4737,-9.2291924e-15
2842.9004,-1.1307107e-14
2843.3271,-5.4977459e-15
2843.7539,-2.8296543e-15
2844.1808,2.6931794e-15
2844.6077,4.6803514e-15
2845.0347,1.1152046e-14
2845.4618,1.2545958e-14
2845.8889,1.1787006e-14
2846.3160,5.5699084e-16
2846.7433,-1.0993016e-14
2847.1706,-2.2865424e-14
2847.5980,-2.2135880e-14
2848.0254,-1.6522203e-14
2848.4529,-4.4228730e-15
2848.8805,9.7516847e-16
2849.3081,5.4607559e-15
2849.7358,4.0872717e-15
2850.1635,7.4178223e-15
2850.5914,8.4192848e-15
2851.0192,1.1830392e-14
2851.4472,6.7915065e-15
2851.8752,-6.1145814e-16
2852.3033,-1.4611328e-14
2852.7314,-2.2478531e-14
2853.1596,-2.6743507e-14
2853.5879,-1.9326631e-14
2854.0162,-1.0408097e-14
2854.4446,3.3721377e-15
2854.8731,1.2402028e-14
2855.3016,2.3295572e-14
2855.7302,2.8178368e-14
2856.1589,3.1572915e-14
2856.5876,2.4071765e-14
2857.0164,1.4143029e-14
2857.4452,8.2967139e-16
2857.8741,-1.8412155e-15
2858.3031,1.0202783e-15
2858.7322,1.2477708e-14
2859.1613,1.8096510e-14
2859.5904,1.9991659e-14
2860.0197,1.0670837e-14
2860.4490,1.3722730e-15
2860.8783,-1.0510674e-14
2861.3078,-1.4743777e-14
2861.7373,-1.9462981e-14
2862.1668,-1.8667697e-14
2862.5964,-2.0542973e-14
2863.0261,-1.8741127e-14
2863.4559,-2.3741480e-14
2863.8857,-3.0769633e-14
2864.3156,-4.4757160e-14
2864.7455,-4.8023767e-14
2865.1755,-3.7792725e-14
2865.6056,-6.3561487e-15
2866.0357,2.6786708e-14
2866.4659,5.3795084e-14
2866.8962,5.7888359e-14
2867.3265,4.8083292e-14
2867.7569,2.5044847e-14
2868.1874,5.8403204e-15
2868.6179,-1.2334853e-14
2869.0485,-2.2796678e-14
2869.4792,-3.6007947e-14
2869.9099,-4.5229863e-14
2870.3407,-5.3455755e-14
2870.7715,-4.7248416e-14
2871.2024,-3.1808724e-14
2871.6334,-6.1214240e-15
2872.0645,1.0549562e-14
2872.4956,1.6045568e-14
2872.9267,2.2683453e-15
2873.3580,-1.3093708e-14
2873.7893,-2.5967110e-14
2874.2207,-2.3463869e-14
2874.6521,-1.6719223e-14
2875.0836,-5.4629535e-15
2875.5151,3.7072314e-16
2875.9468,1.3351873e-14
2876.3785,3.1840500e-14
2876.8102,6.2674726e-14
2877.2420,8.7966316e-14
2877.6739,1.0207955e-13
2878.1059,9.1742067e-14
2878.5379,7.0436449e-14
2878.9700,4.3569262e-14
2879.4021,2.7747945e-14
2879.8343,1.3811676e-14
2880.2666,1.4417351e-15
2880.6989,-2.1363694e-14
2881.1313,-3.9089312e-14
2881.5638,-4.5512325e-14
2881.9963,-2.5148788e-14
2882.4289,4.0217924e-15
2882.8616,2.6325402e-14
2883.2943,1.4047568e-14
2883.7271,-2.4305673e-14
2884.1600,-7.5086287e-14
2884.5929,-1.0608764e-13
2885.0259,-1.1625620e-13
2885.4589,-1.0847588e-13
2885.8921,-1.0370621e-13
2886.3252,-9.0738618e-14
2886.7585,-5.5716953e-14
2887.1918,2.6958661e-14
2887.6252,1.3466256e-13
2888.0586,2.2241339e-13
2888.4921,2.2140491e-13
2888.9257,1.1312471e-13
2889.3594,-8.2556220e-14
2889.7931,-3.0027932e-13
2890.2268,-4.9598947e-13
2890.6607,-6.1741443e-13
2891.0946,-6.0702670e-13
2891.5285,-3.9176096e-13
2891.9626,-6.1007295e-15
2892.3966,3.8630816e-13
2892.8308,5.6863542e-13
2893.2650,4.8484180e-13
2893.6993,2.5952863e-13
2894.1337,9.1401859e-14
2894.5681,6.0436334e-14
2895.0026,1.2661152e-13
2895.4371,1.8766384e-13
2895.8718,1.9826291e-13
2896.3064,1.5845703e-13
2896.7412,1.0828571e-13
2897.1760,5.5681047e-14
2897.6109,1.3199913e-15
2898.0458,-7.1539513e-14
2898.4808,-1.4471283e-13
2898.9159,-1.9772565e-13
2899.3510,-1.9803825e-13
2899.7862,-1.5295966e-13
2900.2215,-7.9005439e-14
2900.6568,-1.5564022e-14
2901.0922,2.7480129e-14
2901.5277,4.4637987e-14
2901.9632,5.5304937e-14
2902.3988,5.8306922e-14
2902.8345,5.7430747e-14
2903.2702,3.9825140e-14
2903.7060,1.7008519e-14
2904.1419,-5.8658548e-15
2904.5778,-7.5288588e-15
2905.0138,7.3300091e-15
2905.4498,3.7348654e-14
2905.8859,5.9371043e-14
2906.3221,7.0542753e-14
2906.7584,6.2552092e-14
2907.1947,5.0164464e-14
2907.6311,3.2718635e-14
2908.0675,1.9321748e-14
2908.5040,-8.7793873e-16
2908.9406,-2.1229290e-14
2909.3773,-4.4234303e-14
2909.8140,-5.2312269e-14
2910.2507,-4.6991279e-14
2910.6876,-2.3845552e-14
2911.1245,-2.0531617e-15
2911.5615,1.5095384e-14
2911.9985,1.6764709e-14
2912.4356,1.6163911e-14
2912.8728,1.3140807e-14
2913.3100,1.8590452e-14
2913.7473,2.2052586e-14
2914.1847,2.6384653e-14
2914.6221,2.0545422e-14
2915.0596,1.4071464e-14
2915.4972,3.5708526e-15
2915.9348,7.7334982e-16
2916.3725,-2.8116108e-15
2916.8102,-2.7631177e-15
2917.2481,-9.9063651e-15
2917.6859,-1.4440374e-14
2918.1239,-1.9557250e-14
2918.5619,-1.5327212e-14
2919.0000,-1.5835658e-14
2919.4382,-2.3807247e-14
2919.8764,-5.0180304e-14
2920.3147,-7.3287157e-14
2920.7530,-8.0558570e-14
2921.1914,-5.5006497e-14
2921.6299,-1.7749528e-14
2922.0685,1.6449899e-14
2922.5071,2.5159546e-14
2922.9458,1.9602899e-14
2923.3845,5.7446809e-15
2923.8233,2.7058688e-15
2924.2622,1.8531116e-15
2924.7011,3.2829154e-15
2925.1401,-7.6101174e-15
2925.5792,-1.9531131e-14
2926.0184,-3.0149948e-14
2926.4576,-2.2659269e-14
2926.8968,-6.7013359e-15
2927.3362,1.4878820e-14
2927.7756,2.3748715e-14
2928.2151,2.6389032e-14
2928.6546,2.0189253e-14
2929.0942,1.9371302e-14
2929.5339,1.7316379e-14
2929.9736,1.8660622e-14
2930.4134,9.7766334e-15
2930.8533,-1.7913392e-15
2931.2932,-1.8283433e-14
2931.7332,-2.2798939e-14
2932.1733,-1.9075734e-14
2932.6134,-3.5461152e-15
2933.0536,5.8817814e-15
2933.4938,1.1818403e-14
2933.9342,8.4231009e-15
2934.3746,1.0949733e-14
2934.8150,1.4713233e-14
2935.2556,2.3899895e-14
2935.6961,2.3384248e-14
2936.1368,1.8834394e-14
2936.5775,6.8469182e-15
2937.0183,2.8021655e-15
2937.4592,1.2688666e-15
2937.9001,7.4013362e-15
2938.3411,7.3326153e-15
2938.7822,7.9245453e-15
2939.2233,3.2137494e-15
2939.6645,5.6144509e-15
2940.1057,7.1005943e-15
2940.5470,1.2585784e-14
2940.9884,8.0549922e-15
2941.4299,2.9947769e-16
2941.8714,-1.5749515e-14
2942.3130,-2.5397156e-14
2942.7546,-3.3750841e-14
2943.1964,-3.3398149e-14
2943.6381,-3.5208004e-14
2944.0800,-3.1765375e-14
2944.5219,-2.8558141e-14
2944.9639,-1.4177855e-14
2945.4059,2.8761934e-15
2945.8481,2.5641587e-14
2946.2902,3.9251738e-14
2946.7325,4.7571851e-14
2947.1748,4.0758089e-14
2947.6172,2.8195254e-14
2948.0596,4.4210638e-15
2948.5022,-1.4455765e-14
2948.9447,-2.7276498e-14
2949.3874,-1.9820268e-14
2949.8301,-4.5505483e-15
2950.2729,1.6513656e-14
2950.7157,2.5336609e-14
2951.1586,2.8318889e-14
2951.6016,2.0672544e-14
2952.0447,1.5914728e-14
2952.4878,8.5369561e-15
2952.9310,6.1890804e-15
2953.3742,-8.1947832e-16
2953.8175,-3.2452501e-15
2954.2609,-6.3361949e-15
2954.7043,-2.8765879e-16
2955.1479,3.7633866e-15
2955.5914,9.7474656e-15
2956.0351,7.2113384e-15
2956.4788,7.1681582e-15
2956.9226,2.9689312e-15
2957.3664,1.4598996e-15
2957.8103,-8.7764702e-15
2958.2543,-1.6955460e-14
2958.6984,-2.6222694e-14
2959.1425,-2.4356635e-14
2959.5866,-2.0468880e-14
2960.0309,-7.2859397e-15
2960.4752,4.9320800e-15
2960.9196,2.2895620e-14
2961.3640,3.3114493e-14
2961.8085,3.9494462e-14
2962.2531,3.1591192e-14
2962.6978,2.0374200e-14
2963.1425,1.0147327e-15
2963.5873,-1.5208597e-14
2964.0321,-3.4412221e-14
2964.4770,-4.3182418e-14
2964.9220,-4.5666352e-14
2965.3670,-3.1290623e-14
2965.8122,-1.5041992e-14
2966.2573,2.6578538e-15
2966.7026,7.2172725e-15
2967.1479,9.1243605e-15
2967.5933,4.6335766e-15
2968.0387,4.6000090e-15
2968.4842,-1.6833756e-15
2968.9298,-8.0759841e-15
2969.3755,-2.1304918e-14
2969.8212,-2.5628543e-14
2970.2670,-2.2319055e-14
2970.7128,-1.5402137e-15
2971.1587,2.0649674e-14
2971.6047,4.1658253e-14
2972.0508,4.4013734e-14
2972.4969,3.7415005e-14
2972.9431,1.8794638e-14
2973.3893,5.1584721e-15
2973.8356,-8.9731346e-15
2974.2820,-1.5713586e-14
2974.7285,-2.6127827e-14
2975.1750,-3.0532473e-14
2975.6216,-3.4451820e-14
2976.0682,-2.7551580e-14
2976.5149,-2.1762787e-14
2976.9617,-1.2415535e-14
2977.4086,-8.4195255e-15
2977.8555,2.9497301e-15
2978.3025,1.4802114e-14
2978.7495,3.1608918e-14
2979.1967,3.5723867e-14
2979.6438,3.0356400e-14
2980.0911,1.0101590e-14
2980.5384,-6.4131852e-15
2980.9858,-1.8720712e-14
2981.4333,-1.6234794e-14
2981.8808,-1.2742585e-14
2982.3284,-4.6184521e-15
2982.7760,-1.9489352e-15
2983.2238,5.9252493e-15
2983.6716,1.0897421e-14
2984.1194,1.8783889e-14
2984.5674,1.8074951e-14
2985.0154,1.7473750e-14
2985.4634,9.5956142e-15
2985.9115,4.5997115e-15
2986.3597,-5.2916805e-15
2986.8080,-7.6669795e-15
2987.2563,-8.2835536e-15
2987.7047,-6.4915290e-16
2988.1532,3.8612867e-16
2988.6017,1.3718059e-15
2989.0503,-2.8165064e-15
2989.4990,8.9750748e-16
2989.9477,2.7760509e-15
2990.3965,6.2762544e-15
2990.8454,-1.2084684e-15
2991.2943,-8.2374995e-15
2991.7434,-1.7480978e-14
2992.1924,-1.5685093e-14
2992.6416,-1.2442161e-14
2993.0908,-1.7242205e-15
2993.5400,4.7208558e-15
2993.9894,1.5173211e-14
2994.4388,1.8469197e-14
2994.8883,2.1312962e-14
2995.3378,1.2642764e-14
2995.7874,3.7712681e-15
2996.2371,-1.0329471e-14
2996.6869,-1.5532304e-14
2997.1367,-1.9756170e-14
2997.5866,-1.4755309e-14
2998.0365,-1.2898339e-14
2998.4865,-7.1848637e-15
2998.9366,-7.1177997e-15
2999.3868,-2.6588719e-15
2999.8370,-2.6096635e-15
3000.2873,1.3204415e-15
3000.7376,-2.0477029e-15
3001.1880,-3.2814224e-15
3001.6385,-9.1109113e-15
3002.0891,-5.9200945e-15
3002.5397,-9.6705941e-16
3002.9904,1.3542275e-14
3003.4412,2.3586639e-14
3003.8920,3.4217928e-14
3004.3429,3.3798192e-14
3004.7938,3.1164759e-14
3005.2449,1.7353543e-14
3005.6960,3.2551812e-15
3006.1471,-1.6693557e-14
3006.5984,-2.7678052e-14
3007.0497,-3.5775881e-14
3007.5011,-3.2907112e-14
3007.9525,-3.3370417e-14
3008.4040,-3.1717001e-14
3008.8556,-3.6237945e-14
3009.3072,-3.2680627e-14
3009.7589,-2.6836241e-14
3010.2107,-1.0769632e-14
3010.6625,1.1179033e-15
3011.1144,1.3721042e-14
3011.5664,1.6828297e-14
3012.0185,2.0825727e-14
3012.4706,1.7604960e-14
3012.9228,1.6180088e-14
3013.3750,7.7247477e-15
3013.8273,3.8734920e-15
3014.2797,-1.9293929e-15
3014.7322,-6.7211420e-17
3015.1847,-9.6805257e-16
3015.6373,3.0258147e-15
3016.0900,3.2147786e-15
3016.5427,7.1978087e-15
3016.9955,3.7140602e-15
3017.4483,1.9247273e-15
3017.9013,-4.5503331e-15
3018.3543,-3.6625932e-15
3018.8073,-5.2661088e-15
3019.2605,-2.5831030e-15
3019.7137,-7.3560138e-15
3020.1669,-9.1997294e-15
3020.6203,-1.5620972e-14
3021.0737,-1.5272167e-14
3021.5272,-1.7392907e-14
3021.9807,-1.1793889e-14
3022.4343,-7.5141525e-15
3022.8880,4.6864490e-15
3023.3417,1.2977854e-14
3023.7956,2.3272680e-14
3024.2494,2.2694990e-14
3024.7034,2.0120782e-14
3025.1574,8.9801137e-15
3025.6115,3.6383297e-15
3026.0657,-1.9981223e-15
3026.5199,1.1111459e-15
3026.9742,-5.4807657e-17
3027.4285,1.8417063e-15
3027.8830,-5.7552856e-16
3028.3375,6.3254632e-15
3028.7920,1.3863604e-14
3029.2467,2.5602914e-14
3029.7014,2.3913746e-14
3030.1561,1.4195634e-14
3030.6110,-8.0503362e-15
3031.0659,-2.3583422e-14
3031.5209,-3.4418664e-14
3031.9759,-3.0276162e-14
3032.4310,-2.4879495e-14
3032.8862,-1.3601417e-14
3033.3414,-8.1337746e-15
3033.7968,1.5904781e-15
3034.2521,6.9449528e-15
3034.7076,1.7628962e-14
3035.1631,2.2567626e-14
3035.6187,2.9921384e-14
3036.0744,2.9756647e-14
3036.5301,3.2418815e-14
3036.9859,2.8437034e-14
3037.4417,2.7607493e-14
3037.8977,1.9701750e-14
3038.3537,1.3627289e-14
3038.8097,-6.0773495e-17
3039.2659,-9.5530669e-15
3039.7221,-2.1535971e-14
3040.1784,-2.4155434e-14
3040.6347,-2.7204548e-14
3041.0911,-2.2354509e-14
3041.5476,-2.1267978e-14
3042.0041,-1.4464218e-14
3042.4608,-1.1743605e-14
3042.9174,-2.1622829e-15
3043.3742,3.5754083e-15
3043.8310,1.3826292e-14
3044.2879,1.7623211e-14
3044.7449,2.2051902e-14
3045.2019,2.0197066e-14
3045.6590,2.1045472e-14
3046.1162,1.6559562e-14
3046.5734,1.5358273e-14
3047.0307,7.6830028e-15
3047.4881,4.1653294e-15
3047.9455,-2.6745068e-15
3048.4030,-1.4440511e-15
3048.8606,-2.5287822e-15
3049.3182,2.3087393e-15
3049.7759,2.3701343e-16
3050.2337,5.7091195e-16
3050.6916,-5.0413398e-15
3051.1495,-3.7495281e-15
3051.6075,-4.8135896e-15
3052.0656,-2.3901732e-16
3052.5237,-3.1584467e-15
3052.9819,-4.2036987e-15
3053.4401,-1.2191778e-14
3053.8985,-1.5002538e-14
3054.3569,-2.0702579e-14
3054.8153,-1.7745817e-14
3055.2739,-1.5123783e-14
3055.7325,-4.8142913e-15
3056.1912,-8.5100586e-16
3056.6499,3.6281571e-15
3057.1087,-9.4249483e-16
3057.5676,-1.2129497e-15
3058.0266,-5.1347955e-15
3058.4856,-3.7530454e-15
3058.9447,-9.6251080e-15
3059.4038,-1.2237246e-14
3059.8631,-1.8886925e-14
3060.3224,-1.5959224e-14
3060.7817,-1.3040555e-14
3061.2412,-2.1941491e-15
3061.7007,3.4220458e-15
3062.1602,1.1411185e-14
3062.6199,1.0062363e-14
3063.0796,8.7262055e-15
3063.5394,-1.3483471e-15
3063.9992,-6.7897745e-15
3064.4591,-1.4101439e-14
3064.9191,-1.1208818e-14
3065.3792,-8.3888310e-15
3065.8393,1.8276581e-15
3066.2995,7.5995105e-15
3066.7598,1.7006292e-14
3067.2201,2.0107769e-14
3067.6805,2.6907885e-14
3068.1410,2.7457369e-14
3068.6015,3.2725334e-14
3069.0621,3.2455864e-14
3069.5228,3.6243687e-14
3069.9835,3.1949912e-14
3070.4444,2.8065420e-14
3070.9052,1.4438993e-14
3071.3662,3.0122615e-15
3071.8272,-1.3768250e-14
3072.2883,-2.3158681e-14
3072.7495,-3.4731427e-14
3073.2107,-3.6520200e-14
3073.6720,-3.9201750e-14
3074.1334,-3.2966944e-14
3074.5948,-2.9566450e-14
3075.0563,-1.9409741e-14
3075.5179,-1.3739139e-14
3075.9796,-3.8845723e-15
3076.4413,-2.0456459e-15
3076.9031,1.8126584e-15
3077.3649,-3.0341505e-16
3077.8268,4.9569471e-15
3078.2888,7.9324429e-15
3078.7509,1.6132219e-14
3079.2130,1.5059636e-14
3079.6752,1.3320794e-14
3080.1375,3.0607652e-15
3080.5998,-5.1989389e-16
3081.0622,-4.0275629e-15
3081.5247,1.6057819e-15
3081.9873,1.9799571e-15
3082.4499,4.4167853e-15
3082.9126,-1.1896654e-15
3083.3753,-2.3590995e-15
3083.8382,-7.6076384e-15
3084.3011,-6.3293086e-15
3084.7640,-1.0454797e-14
3085.2271,-1.1305440e-14
3085.6902,-1.9376050e-14
3086.1533,-2.1170270e-14
3086.6166,-2.2102574e-14
3087.0799,-9.2068275e-15
3087.5433,3.7539971e-15
3088.0067,1.9812344e-14
3088.4703,2.2552893e-14
3088.9338,2.1226471e-14
3089.3975,9.5355233e-15
3089.8612,3.3662779e-15
3090.3250,-5.2151747e-15
3090.7889,-6.0590819e-15
3091.2528,-1.0108731e-14
3091.7169,-6.6574275e-15
3092.1809,-4.6689282e-15
3092.6451,6.2551871e-15
3093.1093,1.3608570e-14
3093.5736,2.3459746e-14
3094.0379,2.1614523e-14
3094.5024,1.7690741e-14
3094.9669,4.4269704e-15
3095.4314,-2.1917602e-15
3095.8961,-7.3873417e-15
3096.3608,1.0596372e-16
3096.8256,6.4618671e-15
3097.2904,1.5906434e-14
3097.7553,1.2759462e-14
3098.2203,6.0893604e-15
3098.6854,-1.0825063e-14
3099.1505,-2.1490568e-14
3099.6157,-3.1970043e-14
3100.0809,-3.0510038e-14
3100.5463,-2.8907136e-14
3101.0117,-1.7418372e-14
3101.4771,-7.0144785e-15
3101.9427,1.1488610e-14
3102.4083,2.2903951e-14
3102.8740,3.2443261e-14
3103.3397,2.7729493e-14
3103.8056,2.0707957e-14
3104.2715,7.9983038e-15
3104.7374,5.0099188e-15
3105.2035,5.3626390e-17
3105.6696,-1.2948810e-15
3106.1357,-1.2514691e-14
3106.6020,-1.8482987e-14
3107.0683,-2.1498416e-14
3107.5347,-7.7794229e-15
3108.0011,3.2018593e-15
3108.4676,8.1975597e-15
3108.9342,-6.4322549e-15
3109.4009,-1.7136335e-14
3109.8676,-1.9000396e-14
3110.3344,-2.5580303e-15
3110.8013,3.9812783e-15
3111.2683,2.7681960e-16
3111.7353,-1.4943012e-14
3112.2023,-1.2987743e-14
3112.6695,-2.5287686e-16
3113.1367,2.0134817e-14
3113.6040,2.3054496e-14
3114.0714,1.9267993e-14
3114.5388,9.2831406e-15
3115.0063,1.1572445e-14
3115.4739,1.3271494e-14
3115.9415,1.6815770e-14
3116.4093,8.1486867e-15
3116.8770,2.2069447e-15
3117.3449,-4.3517212e-15
3117.8128,2.4523385e-15
3118.2808,8.7877677e-15
3118.7489,1.7806351e-14
3119.2170,1.3218054e-14
3119.6852,5.6266970e-15
3120.1535,-1.0051056e-14
3120.6218,-1.6304681e-14
3121.0903,-2.0966441e-14
3121.5588,-1.5828124e-14
3122.0273,-1.5763551e-14
3122.4959,-1.1481482e-14
3122.9646,-1.1766872e-14
3123.4334,-3.5857589e-15
3123.9022,9.0050683e-16
3124.3712,7.7032881e-15
3124.8401,2.5322636e-15
3125.3092,-1.4658355e-15
3125.7783,-8.5439020e-15
3126.2475,-1.7304927e-15
3126.7168,6.2181923e-15
3127.1861,1.9198536e-14
3127.6555,1.8542106e-14
3128.1250,1.3190369e-14
3128.5945,-3.7896715e-15
3129.0641,-1.4386219e-14
3129.5338,-2.3807631e-14
3130.0036,-2.0005401e-14
3130.4734,-1.6832410e-14
3130.9433,-7.4960332e-15
3131.4133,-5.2439556e-15
3131.8833,1.3508825e-15
3132.3534,2.3114910e-15
3132.8236,9.3689186e-15
3133.2938,1.0192096e-14
3133.7641,1.4222271e-14
3134.2345,1.1137786e-14
3134.7050,1.2952888e-14
3135.1755,9.6454815e-15
3135.6461,1.1500843e-14
3136.1168,7.1123473e-15
3136.5875,7.8154468e-15
3137.0584,4.1094736e-15
3137.5292,7.5015894e-15
3138.0002,6.3830909e-15
3138.4712,9.8202411e-15
3138.9423,5.3250971e-15
3139.4135,3.4736288e-15
3139.8847,-6.1910302e-15
3140.3560,-1.0413990e-14
3140.8274,-1.8085179e-14
3141.2989,-1.5981145e-14
3141.7704,-1.5510165e-14
3142.2420,-7.5396572e-15
3142.7136,-5.4498858e-15
3143.1854,1.7991961e-15
3143.6572,3.7433358e-15
3144.1291,1.1635086e-14
3144.6010,1.1045924e-14
3145.0730,1.0902131e-14
3145.5451,2.2737148e-16
3146.0173,-4.5569396e-15
3146.4895,-9.2719284e-15
3146.9618,-5.7679102e-16
3147.4342,6.6414395e-15
3147.9066,1.7532485e-14
3148.3791,1.5921099e-14
3148.8517,1.2572389e-14
3149.3244,-1.6718877e-16
3149.7971,-6.6309268e-15
3150.2699,-1.4944075e-14
3150.7427,-1.3202193e-14
3151.2157,-1.4171437e-14
3151.6887,-8.6256553e-15
3152.1618,-9.2716213e-15
3152.6349,-4.6594410e-15
3153.1081,-5.1773480e-15
3153.5814,1.1945449e-15
3154.0548,3.7835242e-15
3154.5282,1.4185794e-14
3155.0018,2.0648177e-14
3155.4753,3.1765229e-14
3155.9490,3.2584512e-14
3156.4227,3.1567738e-14
3156.8965,1.7403182e-14
3157.3704,4.0369849e-15
3157.8443,-1.5630501e-14
3158.3183,-2.5797120e-14
3158.7924,-3.5755399e-14
3159.2665,-3.4169366e-14
3159.7407,-3.4951868e-14
3160.2150,-2.8173434e-14
3160.6894,-2.5514797e-14
3161.1638,-1.4870223e-14
3161.6383,-7.6003290e-15
3162.1129,6.2251987e-15
3162.5875,1.2485491e-14
3163.0622,1.9929709e-14
3163.5370,1.5938581e-14
3164.0119,1.3850635e-14
3164.4868,3.8202596e-15
3164.9618,-9.5393273e-16
3165.4369,-1.1561640e-14
3165.9120,-1.5453119e-14
3166.3873,-2.2819128e-14
3166.8625,-2.0651303e-14
3167.3379,-2.0663098e-14
3167.8133,-1.2943588e-14
3168.2888,-9.9435232e-15
3168.7644,-2.7429563e-16
3169.2401,4.8903965e-15
3169.7158,1.5684719e-14
3170.1916,1.8160341e-14
3170.6674,2.2322477e-14
3171.1433,1.7116677e-14
3171.6193,1.5664629e-14
3172.0954,8.2719694e-15
3172.5716,6.8022856e-15
3173.0478,6.2999569e-16
3173.5241,2.4652458e-15
3174.0004,2.0564034e-15
3174.4768,1.0142068e-14
3174.9533,1.1703001e-14
3175.4299,1.4502420e-14
3175.9066,5.8384383e-15
3176.3833,-5.5403546e-16
3176.8601,-1.2345113e-14
3177.3369,-1.4810429e-14
3177.8139,-1.8713399e-14
3178.2909,-1.4240863e-14
3178.7679,-1.4727795e-14
3179.2451,-9.4770180e-15
3179.7223,-1.0090090e-14
3180.1996,-3.6003203e-15
3180.6769,-1.6834232e-15
3181.1544,6.6061424e-15
3181.6319,8.2780364e-15
3182.1095,1.4909599e-14
3182.5871,1.4249882e-14
3183.0648,1.7556985e-14
3183.5426,1.1832497e-14
3184.0205,8.2464333e-15
3184.4984,-4.4824044e-15
3184.9764,-1.1764280e-14
3185.4545,-2.1303791e-14
3185.9326,-1.8894419e-14
3186.4109,-1.6433783e-14
3186.8892,-3.8392541e-15
3187.3675,4.2672506e-15
3187.8460,1.6718662e-14
3188.3245,1.8714870e-14
3188.8030,2.2566669e-14
3189.2817,1.9141766e-14
3189.7604,2.3034114e-14
3190.2392,2.1679764e-14
3190.7181,2.4300145e-14
3191.1970,1.6452088e-14
3191.6760,9.0921805e-15
3192.1551,-7.8853895e-15
3192.6343,-2.0616913e-14
3193.1135,-3.7556554e-14
3193.5928,-4.4784228e-14
3194.0722,-5.2499451e-14
3194.5516,-4.6165549e-14
3195.0311,-3.8114980e-14
3195.5107,-1.9726291e-14
3195.9904,-7.4300984e-15
3196.4701,7.0164040e-15
3196.9499,1.1550639e-14
3197.4298,1.9803242e-14
3197.9097,2.1672444e-14
3198.3897,2.8457943e-14
3198.8698,2.6516381e-14
3199.3500,2.6844693e-14
3199.8302,1.8015402e-14
3200.3105,1.3545344e-14
3200.7909,3.0359944e-15
3201.2714,-1.7503117e-16
3201.7519,-6.5439957e-15
3202.2325,-4.5752951e-15
3202.7131,-7.5030396e-15
3203.1939,-4.6451643e-15
3203.6747,-7.2620838e-15
3204.1556,-2.5149510e-15
3204.6365,-2.6526606e-15
3205.1176,2.4806418e-15
3205.5987,-2.0608973e-15
3206.0798,-4.9063108e-15
3206.5611,-1.6149009e-14
3207.0424,-1.9021270e-14
3207.5238,-2.0685990e-14
3208.0053,-7.9171475e-15
3208.4868,4.3048292e-15
3208.9684,2.1751366e-14
3209.4501,2.5676737e-14
3209.9318,2.5752107e-14
3210.4136,1.2667016e-14
3210.8955,4.3029938e-15
3211.3775,-6.1932587e-15
3211.8595,-4.9349482e-15
3212.3417,-6.1473510e-15
3212.8238,-7.4018798e-16
3213.3061,-3.1513934e-15
3213.7884,-1.5432421e-15
3214.2708,-7.5007895e-15
3214.7533,-7.6466916e-15
3215.2359,-1.2334541e-14
3215.7185,-8.3450457e-15
3216.2012,-7.9347517e-15
3216.6839,-1.2829118e-15
3217.1668,-3.0423251e-15
3217.6497,-2.4088077e-15
3218.1327,-9.7563760e-15
3218.6157,-1.1253526e-14
3219.0988,-1.8111575e-14
3219.5820,-1.6731719e-14
3220.0653,-1.7458380e-14
3220.5487,-6.8696487e-15
3221.0321,4.4067672e-16
3221.5156,1.2874525e-14
3221.9991,1.4971099e-14
3222.4828,1.9566115e-14
3222.9665,1.7504026e-14
3223.4502,2.3631586e-14
3223.9341,2.4972689e-14
3224.4180,3.1498774e-14
3224.9020,2.7729782e-14
3225.3861,2.6052145e-14
3225.8702,1.6115485e-14
3226.3544,1.2679504e-14
3226.8387,3.7922581e-15
3227.3231,1.4578093e-15
3227.8075,-6.8857126e-15
3228.2920,-7.6613083e-15
3228.7766,-1.3157916e-14
3229.2613,-1.1995607e-14
3229.7460,-1.7460073e-14
3230.2308,-1.6399893e-14
3230.7157,-1.9525425e-14
3231.2006,-1.3163488e-14
3231.6856,-1.0690875e-14
3232.1707,-1.3747437e-15
3232.6559,-2.5301916e-16
3233.1411,4.4631692e-15
3233.6264,1.6968340e-16
3234.1118,1.9697338e-15
3234.5972,-6.7283426e-16
3235.0828,5.7331123e-15
3235.5684,7.5536293e-15
3236.0540,1.4849533e-14
3236.5398,1.3319900e-14
3237.0256,1.4691238e-14
3237.5115,7.1380102e-15
3237.9974,3.5762377e-15
3238.4835,-7.5345585e-15
3238.9696,-1.1867803e-14
3239.4558,-1.9184533e-14
3239.9420,-1.5031537e-14
3240.4284,-1.3234760e-14
3240.9148,-4.5291510e-15
3241.4012,-4.8954324e-15
3241.8878,-2.3065761e-15
3242.3744,-6.6684767e-15
3242.8611,-2.3155125e-15
3243.3479,-8.0860719e-16
3243.8347,8.1661747e-15
3244.3216,8.3747650e-15
3244.8086,1.0644307e-14
3245.2957,3.3812078e-15
3245.7828,2.0350294e-15
3246.2700,-3.4058812e-15
3246.7573,1.2068025e-15
3247.2446,2.4867169e-15
3247.7320,1.0125378e-14
3248.2195,8.8008299e-15
3248.7071,1.0998165e-14
3249.1947,5.5230988e-15
3249.6825,5.2359390e-15
3250.1703,-3.9971954e-15
3250.6581,-9.7008269e-15
3251.1461,-2.1061536e-14
3251.6341,-1.9905124e-14
3252.1221,-1.6176917e-14
3252.6103,-2.9071673e-16
3253.0985,7.2054608e-15
3253.5868,1.2043985e-14
3254.0752,-8.0544573e-16
3254.5637,-1.4108913e-14
3255.0522,-3.3631781e-14
3255.5408,-3.8801164e-14
3256.0294,-3.9088662e-14
3256.5182,-2.1657350e-14
3257.0070,-4.7393756e-15
3257.4959,1.7656834e-14
3257.9849,2.6624607e-14
3258.4739,3.2776903e-14
3258.9630,2.6105045e-14
3259.4522,2.4526929e-14
3259.9414,1.7470367e-14
3260.4308,1.6870556e-14
3260.9202,6.9384049e-15
3261.4097,2.1258051e-16
3261.8992,-1.4112657e-14
3262.3888,-1.9590703e-14
3262.8785,-2.7458656e-14
3263.3683,-2.5243707e-14
3263.8581,-2.6728007e-14
3264.3481,-2.0353529e-14
3264.8380,-1.8891999e-14
3265.3281,-9.2488300e-15
3265.8183,-4.5945471e-15
3266.3085,5.9939555e-15
3266.7987,6.7608405e-15
3267.2891,9.5176177e-15
3267.7795,2.1957014e-15
3268.2700,1.2571239e-15
3268.7606,-3.8005927e-15
3269.2513,1.5462756e-15
3269.7420,3.8614214e-15
3270.2328,1.6527828e-14
3270.7237,2.6218862e-14
3271.2146,4.4855239e-14
3271.7057,5.3623879e-14
3272.1967,5.8460971e-14
3272.6879,4.2684588e-14
3273.1792,2.3751657e-14
3273.6705,-1.4954110e-15
3274.1619,-1.0889331e-14
3274.6533,-1.5936303e-14
3275.1449,-8.3905440e-15
3275.6365,-7.9479844e-15
3276.1282,-3.8414930e-15
3276.6199,-7.4300308e-15
3277.1118,-2.1007076e-15
3277.6037,3.3498705e-16
3278.0956,1.1452052e-14
3278.5877,1.4902858e-14
3279.0798,1.9646530e-14
3279.5720,1.1221940e-14
3280.0643,4.4997254e-15
3280.5567,-1.0731104e-14
3281.0491,-1.8593434e-14
3281.5416,-3.1946379e-14
3282.0342,-3.6319886e-14
3282.5268,-4.2702570e-14
3283.0195,-3.4871743e-14
3283.5123,-2.6018458e-14
3284.0052,-6.1836485e-15
3284.4981,5.5927632e-15
3284.9911,1.8958729e-14
3285.4842,1.9954487e-14
3285.9774,2.5413429e-14
3286.4706,2.5011680e-14
3286.9639,3.1219794e-14
3287.4573,3.0614667e-14
3287.9508,3.3269602e-14
3288.4443,2.2921198e-14
3288.9379,1.4440218e-14
3289.4316,-3.7943522e-15
3289.9254,-1.5731375e-14
3290.4192,-3.3309768e-14
3290.9131,-4.2125629e-14
3291.4071,-5.4227326e-14
3291.9011,-5.4766147e-14
3292.3953,-5.5396328e-14
3292.8895,-4.2235183e-14
3293.3837,-3.0515382e-14
3293.8781,-9.8529220e-15
3294.3725,3.3566742e-15
3294.8670,2.0346481e-14
3295.3616,2.6622711e-14
3295.8562,3.4576555e-14
3296.3509,2.9848423e-14
3296.8457,2.6866953e-14
3297.3406,1.3703334e-14
3297.8356,6.4300439e-15
3298.3306,-5.8434979e-15
3298.8257,-7.1483278e-15
3299.3208,-1.0235312e-14
3299.8161,-1.7369118e-15
3300.3114,2.0831252e-15
3300.8068,1.1654257e-14
3301.3022,1.0666392e-14
3301.7978,1.3097715e-14
3302.2934,6.6257351e-15
3302.7891,7.6506329e-15
3303.2848,3.1578868e-15
3303.7807,4.5517979e-15
3304.2766,-4.3883960e-15
3304.7726,-8.0011257e-15
3305.2686,-1.5151362e-14
3305.7648,-7.3540416e-15
3306.2610,1.9810967e-15
3306.7573,2.2147255e-14
3307.2536,3.3363538e-14
3307.7500,4.4346601e-14
3308.2465,3.9821959e-14
3308.7431,3.5381805e-14
3309.2398,2.0598418e-14
3309.7365,1.2048300e-14
3310.2333,-2.1602534e-15
3310.7302,-7.3809259e-15
3311.2272,-1.6825413e-14
3311.7242,-1.4555418e-14
3312.2213,-1.3483524e-14
3312.7185,-2.5731609e-15
3313.2157,3.7716248e-16
3313.7130,6.1496237e-15
3314.2104,2.3947498e-15
3314.7079,7.5859332e-15
3315.2055,1.0392198e-14
3315.7031,2.1730364e-14
3316.2008,1.9554728e-14
3316.6986,9.8603776e-15
3317.1964,-2.2943769e-14
3317.6943,-5.6763008e-14
3318.1923,-9.1135499e-14
3318.6904,-9.7454368e-14
3319.1886,-8.2989204e-14
3319.6868,-3.7406630e-14
3320.1851,1.0997648e-14
3320.6834,5.8470740e-14
3321.1819,7.6674454e-14
3321.6804,7.6358369e-14
3322.1790,5.1818788e-14
3322.6777,2.9966042e-14
3323.1764,6.7033711e-15
3323.6753,-8.1259290e-16
3324.1742,-8.2493703e-15
3324.6731,-5.3632630e-15
3325.1722,-8.1931462e-15
3325.6713,-2.3023700e-15
3326.1705,-2.7812990e-16
3326.6698,1.0844134e-14
3327.1691,1.2341976e-14
3327.6685,1.2331701e-14
3328.1680,-5.5525589e-15
3328.6676,-2.3198019e-14
3329.1672,-4.6548230e-14
3329.6670,-5.4995622e-14
3330.1668,-6.0909551e-14
3330.6666,-5.1992201e-14
3331.1666,-4.4415581e-14
3331.6666,-2.3089615e-14
3332.1667,-4.7583056e-16
3332.6669,3.5868341e-14
3333.1671,6.3797743e-14
3333.6674,8.5806881e-14
3334.1678,8.1753533e-14
3334.6683,6.9461117e-14
3335.1688,4.3384598e-14
3335.6695,2.2646990e-14
3336.1702,-7.4154399e-15
3336.6709,-2.9505116e-14
3337.1718,-4.9201577e-14
3337.6727,-4.2812117e-14
3338.1737,-2.3755875e-14
3338.6748,1.2284121e-14
3339.1759,3.5009391e-14
3339.6771,4.5368893e-14
3340.1784,2.3934455e-14
3340.6798,-1.1058190e-14
3341.1813,-6.3520936e-14
3341.6828,-1.0824215e-13
3342.1844,-1.4961774e-13
3342.6861,-1.6489286e-13
3343.1878,-1.6098387e-13
3343.6896,-1.1663983e-13
3344.1915,-4.5735510e-14
3344.6935,5.7987055e-14
3345.1956,1.6232808e-13
3345.6977,2.5863434e-13
3346.1999,3.1090585e-13
3346.7022,3.1694174e-13
3347.2045,2.5509898e-13
3347.7070,1.4384156e-13
3348.2095,-8.7203525e-15
3348.7120,-1.4665233e-13
3349.2147,-2.3338458e-13
3349.7174,-2.2483360e-13
3350.2202,-1.5611185e-13
3350.7231,-8.3104871e-14
3351.2261,-8.3047422e-14
3351.7291,-1.4458298e-13
3352.2322,-2.2095120e-13
3352.7354,-2.2691145e-13
3353.2386,-1.5083068e-13
3353.7420,-4.8594767e-15
3354.2454,1.4567708e-13
3354.7489,2.6897813e-13
3355.2524,3.2281285e-13
3355.7561,3.1641781e-13
3356.2598,2.4707119e-13
3356.7636,1.5161230e-13
3357.2674,3.9120128e-14
3357.7714,-5.5364937e-14
3358.2754,-1.3241085e-13
3358.7795,-1.6897292e-13
3359.2836,-1.7679786e-13
3359.7879,-1.4580753e-13
3360.2922,-1.0025998e-13
3360.7966,-4.1349957e-14
3361.3011,-6.8770637e-17
3361.8056,2.6333602e-14
3362.3102,2.2835510e-14
3362.8149,1.3797652e-14
3363.3197,-3.4249470e-15
3363.8245,-8.3485022e-15
3364.3295,-1.8228553e-14
3364.8345,-2.0299594e-14
3365.3395,-2.3962729e-14
3365.8447,-3.5101639e-15
3366.3499,2.6412784e-14
3366.8552,6.5212091e-14
3367.3606,7.8759125e-14
3367.8660,7.9044129e-14
3368.3716,6.3040505e-14
3368.8772,5.4946994e-14
3369.3829,3.5894741e-14
3369.8886,1.3678629e-14
3370.3945,-2.3095802e-14
3370.9004,-4.6155765e-14
3371.4063,-5.9563777e-14
3371.9124,-4.8373119e-14
3372.4185,-3.7766620e-14
3372.9248,-2.3115009e-14
3373.4310,-2.3391731e-14
3373.9374,-2.0000181e-14
3374.4439,-2.2215765e-14
3374.9504,-1.2717447e-14
3375.4570,-9.5693628e-15
3375.9636,-2.5711329e-15
3376.4704,-8.2153297e-15
3376.9772,-7.6672251e-15
3377.4841,-9.2910959e-15
3377.9911,5.9910753e-15
3378.4981,1.9462119e-14
3379.0052,3.6276757e-14
3379.5124,3.2933501e-14
3380.0197,2.4876562e-14
3380.5271,7.0829463e-15
3381.0345,5.6150291e-15
3381.5420,7.5935194e-15
3382.0496,2.0138143e-14
3382.5573,1.7366045e-14
3383.0650,1.2359803e-14
3383.5728,-7.3197758e-15
3384.0807,-2.1892825e-14
3384.5887,-4.4364870e-14
3385.0967,-5.4303262e-14
3385.6048,-5.9505297e-14
3386.1130,-4.0532743e-14
3386.6213,-1.7358097e-14
3387.1296,1.5033131e-14
3387.6380,3.0498436e-14
3388.1465,3.9461714e-14
3388.6551,2.7411891e-14
3389.1638,1.4659455e-14
3389.6725,-8.3642509e-15
3390.1813,-2.1756694e-14
3390.6902,-3.7602467e-14
3391.1991,-3.8853452e-14
3391.7082,-3.8631372e-14
3392.2173,-2.1026180e-14
3392.7264,-3.5715613e-15
3393.2357,2.3067721e-14
3393.7450,3.5713843e-14
3394.2545,4.3845191e-14
3394.7639,3.1232017e-14
3395.2735,1.8140414e-14
3395.7832,-4.2158011e-15
3396.2929,-1.5161187e-14
3396.8027,-2.8545045e-14
3397.3125,-2.8368500e-14
3397.8225,-2.8811150e-14
3398.3325,-1.3574083e-14
3398.8426,6.4180325e-16
3399.3528,2.2920798e-14
3399.8631,3.1281344e-14
3400.3734,3.6919870e-14
3400.8838,2.5681692e-14
3401.3943,1.6664092e-14
3401.9049,-8.2377948e-16
3402.4155,-8.1889932e-15
3402.9262,-1.8840550e-14
3403.4370,-1.8179117e-14
3403.9479,-2.2366618e-14
3404.4588,-1.5970001e-14
3404.9698,-1.3297962e-14
3405.4809,4.2528147e-16
3405.9921,7.1903169e-15
3406.5034,1.8595960e-14
3407.0147,1.6922180e-14
3407.5261,1.7724395e-14
3408.0376,6.7095708e-15
3408.5491,6.2503529e-16
3409.0608,-1.5103017e-14
3409.5725,-2.3293994e-14
3410.0843,-3.6539017e-14
3410.5961,-3.5139807e-14
3411.1081,-3.1790032e-14
3411.6201,-1.1597011e-14
3412.1322,5.9530978e-15
3412.6444,3.0966428e-14
3413.1566,4.2625645e-14
3413.6690,5.0338006e-14
3414.1814,3.4803744e-14
3414.6938,1.2672774e-14
3415.2064,-2.3060814e-14
3415.7190,-4.1399844e-14
3416.2318,-4.6197994e-14
3416.7445,-2.0357600e-14
3417.2574,9.5573092e-15
3417.7704,4.4261344e-14
3418.2834,5.6426834e-14
3418.7965,5.9903556e-14
3419.3096,4.4161198e-14
3419.8229,3.3107087e-14
3420.3362,1.6141492e-14
3420.8496,9.3383960e-15
3421.3631,-4.8770016e-15
3421.8767,-1.1074987e-14
3422.3903,-2.3128839e-14
3422.9040,-2.3338339e-14
3423.4178,-2.7993386e-14
3423.9317,-2.2827160e-14
3424.4456,-2.3882703e-14
3424.9597,-1.4883929e-14
3425.4738,-1.2624631e-14
3425.9879,-4.0982000e-15
3426.5022,-8.3977435e-15
3427.0165,-1.0381470e-14
3427.5309,-2.3105997e-14
3428.0454,-2.5965701e-14
3428.5600,-3.0214573e-14
3429.0746,-1.7874810e-14
3429.5893,-6.9005600e-15
3430.1041,1.3817915e-14
3430.6190,2.3721731e-14
3431.1339,3.6871414e-14
3431.6490,3.7419970e-14
3432.1641,4.2035581e-14
3432.6793,3.4343829e-14
3433.1945,2.9971026e-14
3433.7098,1.4965410e-14
3434.2253,8.5191919e-15
3434.7408,-2.5828255e-15
3435.2563,-1.8712607e-15
3435.7720,-7.3403286e-15
3436.2877,-4.8028353e-15
3436.8035,-1.0429340e-14
3437.3194,-6.4766772e-15
3437.8353,-9.1451406e-15
3438.3514,-5.2367341e-15
3438.8675,-1.4019181e-14
3439.3836,-1.9325611e-14
3439.8999,-3.2827373e-14
3440.4163,-3.3606338e-14
3440.9327,-3.6767588e-14
3441.4492,-2.7413759e-14
3441.9657,-2.4040928e-14
3442.4824,-9.9192954e-15
3442.9991,-8.7846320e-16
3443.5159,1.8184381e-14
3444.0328,2.7020089e-14
3444.5498,3.8168508e-14
3445.0668,3.3612924e-14
3445.5839,3.2208376e-14
3446.1011,2.1652169e-14
3446.6184,2.1107107e-14
3447.1358,1.2183448e-14
3447.6532,8.3855747e-15
3448.1707,-7.8658316e-15
3448.6883,-1.7239883e-14
3449.2059,-3.1498960e-14
3449.7237,-3.1457389e-14
3450.2415,-3.5021598e-14
3450.7594,-2.8229891e-14
3451.2774,-2.8774999e-14
3451.7954,-1.9446251e-14
3452.3135,-1.5372593e-14
3452.8317,-1.6217415e-15
3453.3500,1.3142940e-15
3453.8684,7.1052757e-15
3454.3868,1.4871660e-15
3454.9053,5.2456886e-15
3455.4239,3.7293546e-15
3455.9426,9.3603825e-15
3456.4614,1.3956133e-15
3456.9802,-2.1903522e-15
3457.4991,-9.8010167e-15
3458.0181,9.8505110e-16
3458.5371,1.1298511e-14
3459.0563,2.9023558e-14
3459.5755,3.0179981e-14
3460.0948,3.0599523e-14
3460.6142,1.7628881e-14
3461.1336,1.2419209e-14
3461.6532,-6.9320771e-17
3462.1728,-2.1784405e-15
3462.6924,-9.9591462e-15
3463.2122,-7.7894731e-15
3463.7320,-1.2028312e-14
3464.2520,-4.9757420e-15
3464.7720,-1.9895991e-15
3465.2920,1.0175998e-14
3465.8122,8.5639455e-15
3466.3324,7.1260876e-15
3466.8527,-6.3214102e-15
3467.3731,-7.2556591e-15
3467.8936,-8.0593262e-15
3468.4141,5.3508117e-15
3468.9348,9.5040006e-15
3469.4555,1.6646498e-14
3469.9762,1.1287549e-14
3470.4971,1.4074083e-14
3471.0180,1.0277882e-14
3471.5390,1.5580166e-14
3472.0601,1.0603680e-14
3472.5813,1.2009091e-14
3473.1025,5.1058131e-15
3473.6239,7.5338345e-15
3474.1453,9.7437823e-16
3474.6668,-7.9311941e-16
3475.1883,-1.3300370e-14
3475.7100,-1.6633854e-14
3476.2317,-2.6054136e-14
3476.7535,-2.7420378e-14
3477.2753,-4.0302592e-14
3477.7973,-4.4794847e-14
3478.3193,-4.9179706e-14
3478.8414,-3.0842767e-14
3479.3636,-9.6415693e-15
3479.8859,2.0584917e-14
3480.4082,3.2703443e-14
3480.9307,3.9342545e-14
3481.4532,2.8603492e-14
3481.9757,2.3411271e-14
3482.4984,1.4219669e-14
3483.0211,1.9344798e-14
3483.5440,2.0675338e-14
3484.0668,3.0713686e-14
3484.5898,2.8199613e-14
3485.1129,2.6811845e-14
3485.6360,9.8935966e-15
3486.1592,-3.3389540e-15
3486.6825,-2.5952961e-14
3487.2059,-3.5644650e-14
3487.7293,-4.3406342e-14
3488.2528,-3.0501378e-14
3488.7764,-2.0211141e-14
3489.3001,-6.0393754e-15
3489.8239,-9.1527166e-15
3490.3477,-6.4186498e-15
3490.8716,-5.6240849e-15
3491.3956,1.1282200e-14
3491.9197,1.6698731e-14
3492.4438,1.8250097e-14
3492.9681,8.9022613e-16
3493.4924,-6.7107733e-15
3494.0167,-1.3448157e-14
3494.5412,-5.4501122e-15
3495.0658,-8.0644593e-15
3495.5904,-5.5359885e-15
3496.1151,-7.8841483e-15
3496.6399,6.9162004e-15
3497.1647,1.5882687e-14
3497.6897,2.6338357e-14
3498.2147,1.6610780e-14
3498.7398,9.3111053e-15
3499.2649,-6.2062221e-15
3499.7902,-8.1073074e-15
3500.3155,-1.5080812e-14
3500.8409,-1.1853432e-14
3501.3664,-1.7845749e-14
3501.8920,-1.4718882e-14
3502.4176,-1.7235304e-14
3502.9434,-7.3737715e-15
3503.4692,-5.0686531e-15
3503.9951,3.8798764e-15
3504.5210,1.6589018e-15
3505.0471,8.4119813e-15
3505.5732,7.2108240e-15
3506.0994,1.2514401e-14
3506.6257,4.8397773e-15
3507.1520,4.7749876e-15
3507.6785,-1.8737994e-15
3508.2050,7.5217170e-16
3508.7316,-7.1504303e-15
3509.2582,-3.7964929e-15
3509.7850,-7.1357878e-16
3510.3118,1.7901277e-14
3510.8387,2.5416841e-14
3511.3657,3.2554739e-14
3511.8928,2.3562206e-14
3512.4200,2.1055586e-14
3512.9472,9.6363240e-15
3513.4745,4.6825198e-15
3514.0019,-1.1162962e-14
3514.5293,-1.5091748e-14
3515.0569,-1.8690401e-14
3515.5845,-4.2822620e-15
3516.1122,2.4335662e-15
3516.6400,1.1352541e-14
3517.1678,3.0826095e-15
3517.6958,2.9221285e-15
3518.2238,-1.2958508e-15
3518.7519,6.8597865e-15
3519.2801,4.8018344e-15
3519.8083,6.8423359e-15
3520.3367,-2.0549289e-15
3520.8651,1.9728606e-15
3521.3936,4.1654390e-15
3521.9222,1.9425744e-14
3522.4508,2.1063644e-14
3522.9796,2.0823723e-14
3523.5084,4.4420978e-15
3524.0373,1.0624052e-15
3524.5662,-4.9898389e-16
3525.0953,1.1368651e-14
3525.6244,7.2092086e-15
3526.1536,8.8888432e-16
3526.6829,-1.5348067e-14
3527.2123,-1.1260549e-14
3527.7417,-5.6190593e-15
3528.2713,4.4383449e-15
3528.8009,-1.0267720e-14
3529.3305,-2.3572941e-14
3529.8603,-3.2458137e-14
3530.3902,-9.9912243e-15
3530.9201,1.0151435e-14
3531.4501,2.2188061e-14
3531.9802,3.2684330e-15
3532.5103,-1.0220440e-14
3533.0406,-1.5562860e-14
3533.5709,4.7014960e-15
3534.1013,1.1248952e-14
3534.6318,4.4537287e-15
3535.1624,-2.4951574e-14
3535.6930,-2.9370958e-14
3536.2237,-8.3448249e-15
3536.7545,3.6633664e-14
3537.2854,4.4837058e-14
3537.8164,1.7155660e-14
3538.3474,-2.7956119e-14
3538.8785,-2.0962613e-14
3539.4097,1.8251799e-14
3539.9410,4.6077558e-14
3540.4724,4.3973196e-15
3541.0038,-4.3366355e-14
3541.5353,-4.5226305e-14
3542.0669,1.0989928e-14
3542.5986,3.3698141e-14
3543.1303,6.5223350e-15
3543.6622,-4.0602340e-14
3544.1941,-3.2605537e-14
3544.7261,3.7931943e-15
3545.2582,3.3350632e-14
3545.7903,9.6937645e-15
3546.3226,-2.3210083e-14
3546.8549,-4.1890488e-14
3547.3873,-1.7989883e-14
3547.9198,2.8093578e-15
3548.4523,1.0570525e-14
3548.9849,-1.2579952e-14
3549.5177,-2.4093801e-14
3550.0505,-1.8743148e-14
3550.5833,9.1055264e-15
3551.1163,2.2232376e-14
3551.6493,2.1700735e-14
3552.1824,-3.5169838e-15
3552.7156,-1.7973490e-14
3553.2489,-2.7099332e-14
3553.7823,-1.5309601e-14
3554.3157,-1.3779187e-14
3554.8492,-1.2104072e-14
3555.3828,-2.3355622e-14
3555.9165,-1.5542556e-14
3556.4503,-1.8949932e-15
3556.9841,2.5300368e-14
3557.5180,3.0093118e-14
3558.0520,2.5995446e-14
3558.5861,5.5476951e-15
3559.1202,2.9071898e-15
3559.6545,2.8563310e-15
3560.1888,1.3820703e-14
3560.7232,5.1365222e-15
3561.2577,-3.5558794e-15
3561.7922,-1.7618771e-14
3562.3269,-7.7666210e-15
3562.8616,3.9710346e-15
3563.3964,2.2972942e-14
3563.9313,2.1886090e-14
3564.4662,2.1394738e-14
3565.0013,1.0437675e-14
3565.5364,1.1882929e-14
3566.0716,5.8181573e-15
3566.6069,5.6824753e-15
3567.1422,-8.2600256e-15
3567.6777,-1.2721839e-14
3568.2132,-1.7578875e-14
3568.7488,-1.1918604e-15
3569.2845,9.9556394e-15
3569.8202,2.1223526e-14
3570.3561,8.3895478e-15
3570.8920,-1.3412489e-15
3571.4280,-1.0947526e-14
3571.9641,2.9329487e-15
3572.5003,8.7133959e-15
3573.0365,7.5895091e-15
3573.5728,-1.7182468e-14
3574.1092,-2.3794672e-14
3574.6457,-1.3667113e-14
3575.1823,1.6243106e-14
3575.7190,1.8094197e-14
3576.2557,5.7738153e-15
3576.7925,-1.5093807e-14
3577.3294,-1.3054615e-15
3577.8664,1.9061797e-14
3578.4034,3.9407381e-14
3578.9405,2.9929778e-14
3579.4777,2.1010217e-14
3580.0150,8.8415088e-15
3580.5524,1.3722920e-14
3581.0899,6.2180417e-15
3581.6274,-2.7057909e-15
3582.1650,-2.6809201e-14
3582.7027,-3.3037038e-14
3583.2405,-3.1398359e-14
3583.7784,-8.3671168e-15
3584.3163,1.5612869e-15
3584.8543,6.4511402e-15
3585.3924,-8.2679947e-15
3585.9306,-8.5160206e-15
3586.4689,-7.1090139e-15
3587.0072,7.0811540e-15
3587.5456,4.4001742e-15
3588.0841,4.3113696e-15
3588.6227,-2.6040973e-15
3589.1614,8.1127433e-15
3589.7001,1.2279020e-14
3590.2390,2.0364551e-14
3590.7779,9.9610000e-15
3591.3169,4.7897114e-15
3591.8559,-8.3828642e-15
3592.3951,-7.9484583e-15
3592.9343,-1.5032063e-14
3593.4736,-1.1910598e-14
3594.0130,-1.8006345e-14
3594.5525,-1.1895251e-14
3595.0920,-1.3205551e-14
3595.6317,-3.2649353e-15
3596.1714,-2.6407542e-15
3596.7112,7.0854394e-15
3597.2511,4.0537827e-15
3597.7910,6.9135120e-15
3598.3311,-1.5229844e-15
3598.8712,1.1739383e-15
3599.4114,-4.6010097e-15
3599.9517,-2.4068417e-15
3600.4921,-1.1939454e-14
3601.0325,-1.0605207e-14
3601.5730,-1.3783027e-14
3602.1136,-3.3243675e-15
3602.6543,-2.4294921e-15
3603.1951,5.1019602e-15
3603.7360,9.6742459e-16
3604.2769,7.4419250e-15
3604.8179,5.7265695e-15
3605.3590,1.2963853e-14
3605.9002,6.5077860e-15
3606.4415,6.4171136e-15
3606.9828,-3.7710546e-15
3607.5242,-2.1829180e-15
3608.0657,-7.8239366e-15
3608.6073,-6.5903150e-16
3609.1490,-2.4112969e-16
3609.6907,1.0906439e-14
3610.2325,8.0999951e-15
3610.7745,1.0311747e-14
3611.3164,1.4942386e-15
3611.8585,5.5118111e-15
3612.4007,1.1230777e-15
3612.9429,4.6549586e-15
3613.4852,-4.6585227e-15
3614.0276,-3.6385625e-15
3614.5701,-8.5546264e-15
3615.1127,-3.2870669e-16
3615.6553,-2.3256290e-15
3616.1980,2.7698188e-15
3616.7408,-3.3802554e-15
3617.2837,3.6751612e-15
3617.8267,6.1490838e-15
3618.3697,1.9990542e-14
3618.9129,1.8872799e-14
3619.4561,1.8340944e-14
3619.9994,3.5904710e-15
3620.5427,1.0463205e-15
3621.0862,-7.5328722e-15
3621.6297,-7.3275168e-15
3622.1734,-2.1736039e-14
3622.7171,-2.5718652e-14
3623.2609,-3.0730051e-14
3623.8047,-1.5960737e-14
3624.3487,-9.1290582e-15
3624.8927,2.2041924e-15
3625.4368,-1.5395098e-15
3625.9810,5.7834754e-15
3626.5253,6.6464677e-15
3627.0696,1.7353691e-14
3627.6141,1.2419856e-14
3628.1586,1.2128863e-14
3628.7032,8.3536806e-16
3629.2479,2.9008724e-15
3629.7926,-2.2733449e-15
3630.3375,2.8683197e-15
3630.8824,-2.3605065e-15
3631.4274,4.7474186e-15
3631.9725,5.2758417e-15
3632.5177,1.7999489e-14
3633.0629,1.8434356e-14
3633.6083,2.2940798e-14
3634.1537,9.5799267e-15
3634.6992,-1.1008117e-16
3635.2448,-1.9986362e-14
3635.7904,-2.2937288e-14
3636.3362,-2.5242762e-14
3636.8820,-9.4364168e-15
3637.4279,-1.8328007e-15
3637.9739,1.2671407e-14
3638.5200,1.2614276e-14
3639.0661,1.9158599e-14
3639.6124,1.1856736e-14
3640.1587,1.0952987e-14
3640.7051,-1.9418538e-15
3641.2516,-2.2231116e-15
3641.7981,-2.3412495e-15
3642.3448,9.7917087e-14
3642.8915,1.4812002e-12
3643.4383,1.9386146e-11
3643.9852,2.1683008e-10
3644.5322,2.0758114e-09
3645.0793,1.7015789e-08
3645.6264,1.1952704e-07
3646.1736,7.2019959e-07
3646.7209,3.7267265e-06
3647.2683,1.6585295e-05
3647.8158,6.3595587e-05
3648.3633,0.00021058573
3648.9110,0.00060393250
3649.4587,0.0015056458
3650.0065,0.0032788720
3650.5544,0.0062763627
3651.1023,0.010645919
3651.6504,0.016166927
3652.1985,0.022263894
3652.7467,0.028229396
3653.2950,0.033515085
3653.8434,0.037896006
3654.3918,0.041434971
3654.9404,0.044331537
3655.4890,0.046784630
3656.0377,0.048931452
3656.5865,0.050848371
3657.1353,0.052574356
3657.6843,0.054132264
3658.2333,0.055543463
3658.7824,0.056840913
3659.3316,0.058084152
3659.8809,0.059367712
3660.4303,0.060798068
3660.9797,0.062417995
3661.5293,0.064109469
3662.0789,0.065575814
3662.6286,0.066482509
3663.1783,0.066680502
3663.7282,0.066307772
3664.2781,0.065663367
3664.8281,0.064986544
3665.3783,0.064353746
3665.9284,0.063747354
3666.4787,0.063181745
3667.0291,0.062763184
3667.5795,0.062644565
3668.1300,0.062919748
3668.6806,0.063549816
3669.2313,0.064375443
3669.7821,0.065178661
3670.3329,0.065726853
3670.8838,0.065765695
3671.4349,0.065014437
3671.9860,0.063340597
3672.5371,0.061132722
3673.0884,0.059371548
3673.6397,0.058925569
3674.1912,0.059673697
3674.7427,0.060681607
3675.2943,0.061380880
3675.8459,0.062113888
3676.3977,0.063175552
3676.9495,0.063814001
3677.5015,0.062976654
3678.0535,0.061059254
3678.6056,0.060091122
3679.1577,0.061552325
3679.7100,0.064260031
3680.2623,0.065144123
3680.8148,0.062496833
3681.3673,0.058242416
3681.9198,0.056545767
3682.4725,0.059840796
3683.0253,0.066083282
3683.5781,0.070006788
3684.1310,0.067469648
3684.6840,0.059145831
3685.2371,0.050430506
3685.7903,0.047693809
3686.3435,0.053745227
3686.8969,0.065616208
3687.4503,0.076136131
3688.0038,0.078454999
3688.5574,0.070589347
3689.1110,0.056803272
3689.6648,0.045003885
3690.2186,0.042235356
3690.7725,0.050991285
3691.3265,0.067786566
3691.8806,0.084480863
3692.4348,0.092264324
3692.9890,0.086574480
3693.5434,0.069656792
3694.0978,0.048846046
3694.6523,0.032323953
3695.2069,0.025855319
3695.7615,0.031882763
3696.3163,0.049494524
3696.8711,0.073899445
3697.4260,0.096558010
3697.9810,0.10805786
3698.5361,0.10312231
3699.0913,0.083865444
3699.6465,0.058193017
3700.2018,0.034780810
3700.7573,0.019052468
3701.3128,0.012841773
3701.8683,0.016556797
3702.4240,0.030762303
3702.9797,0.055212443
3703.5356,0.086103490
3704.0915,0.11469420
3704.6475,0.13017104
3705.2036,0.12583008
3705.7597,0.10359275
3706.3160,0.072635871
3706.8723,0.043384148
3707.4287,0.022119184
3707.9852,0.0098346407
3708.5418,0.0046083570
3709.0985,0.0046595306
3709.6552,0.010199444
3710.2121,0.023571426
3710.7690,0.047510931
3711.3260,0.081734806
3711.8831,0.11976126
3712.4402,0.14943045
3712.9975,0.15877068
3713.5548,0.14365145
3714.1122,0.11067681
3714.6697,0.072611623
3715.2273,0.040565094
3715.7850,0.019297217
3716.3428,0.0078191689
3716.9006,0.0027138713
3717.4585,0.00088616960
3718.0165,0.00061663392
3718.5746,0.0016199137
3719.1328,0.0050686222
3719.6910,0.013821354
3720.2494,0.032129257
3720.8078,0.063592085
3721.3663,0.10716104
3721.9249,0.15374765
3722.4836,0.18781195
3723.0423,0.19533689
3723.6012,0.17297853
3724.1601,0.13042029
3724.7191,0.083721828
3725.2782,0.045757896
3725.8374,0.021292076
3726.3966,0.0084349634
3726.9560,0.0028447798
3727.5154,0.00081680530
3728.0749,0.00019997494
3728.6345,4.4130549e-05
3729.1942,2.3744588e-05
3729.7540,8.9065378e-05
3730.3138,0.00040186411
3730.8738,0.0015615879
3731.4338,0.0051665156
3731.9939,0.014549525
3732.5541,0.034876310
3733.1143,0.071163242
3733.6747,0.12360473
3734.2351,0.18275830
3734.7957,0.23003176
3735.3563,0.24647381
3735.9170,0.22481594
3736.4777,0.17456426
3737.0386,0.11538558
3737.5995,0.064924600
3738.1606,0.031097094
3738.7217,0.012678622
3739.2829,0.0044000015
3739.8442,0.0012997114
3740.4055,0.00032676641
3740.9670,6.9920671e-05
3741.5285,1.2733040e-05
3742.0901,1.9736043e-06
3742.6518,2.6395521e-07
3743.2136,6.8104557e-08
3743.7755,3.4903389e-07
3744.3374,2.6219187e-06
3744.8995,1.6887944e-05
3745.4616,9.2553000e-05
3746.0238,0.00043156422
3746.5861,0.0017122270
3747.1485,0.0057803870
3747.7109,0.016605395
3748.2735,0.040593214
3748.8361,0.084446725
3749.3988,0.14950248
3749.9616,0.22524696
3750.5245,0.28881573
3751.0875,0.31516499
3751.6505,0.29269257
3752.2137,0.23133475
3752.7769,0.15560438
3753.3402,0.089073457
3753.9036,0.043392213
3754.4671,0.017988768
3755.0306,0.0063460590
3755.5943,0.0019050431
3756.1580,0.00048661625
3756.7218,0.00010576231
3757.2857,1.9557700e-05
3757.8497,3.0769879e-06
3758.4138,4.1184390e-07
3758.9779,4.6893765e-08
3759.5422,4.5420224e-09
3760.1065,0.0000000
3760.6709,0.0000000
3761.2354,0.0000000
3761.7999,0.0000000
3762.3646,0.0000000
3762.9294,0.0000000
3763.4942,0.0000000
3764.0591,0.0000000
3764.6241,0.0000000
3765.1892,0.0000000
3765.7544,0.0000000
3766.3196,0.0000000
3766.8849,0.0000000
3767.4504,0.0000000
3768.0159,0.0000000
3768.5815,0.0000000
3769.1472,0.0000000
3769.7129,0.0000000
3770.2788,0.0000000
3770.8447,0.0000000
3771.4107,0.0000000
3771.9768,0.0000000
3772.5430,0.0000000
3773.1093,0.0000000
3773.6756,0.0000000
3774.2421,0.0000000
3774.8086,0.0000000
3775.3752,0.0000000
3775.9419,0.0000000
3776.5087,0.0000000
3777.0756,0.0000000
3777.6425,0.0000000
3778.2096,0.0000000
3778.7767,0.0000000
3779.3439,0.0000000
3779.9112,0.0000000
3780.4786,0.0000000
3781.0460,0.0000000
3781.6136,0.0000000
3782.1812,0.0000000
3782.7489,0.0000000
3783.3167,0.0000000
3783.8846,0.0000000
3784.4526,0.0000000
3785.0207,0.0000000
3785.5888,0.0000000
3786.1570,0.0000000
3786.7254,0.0000000
3787.2938,0.0000000
3787.8623,0.0000000
3788.4308,0.0000000
3788.9995,0.0000000
3789.5682,0.0000000
3790.1371,0.0000000
3790.7060,0.0000000
3791.2750,0.0000000
3791.8441,0.0000000
3792.4132,0.0000000
3792.9825,0.0000000
3793.5518,0.0000000
3794.1213,0.0000000
3794.6908,0.0000000
3795.2604,0.0000000
3795.8300,0.0000000
3796.3998,0.0000000
3796.9697,0.0000000
3797.5396,0.0000000
3798.1096,0.0000000
3798.6797,0.0000000
3799.2499,0.0000000
3799.8202,0.0000000
3800.3906,0.0000000
3800.9610,0.0000000
3801.5316,0.0000000
3802.1022,0.0000000
3802.6729,0.0000000
3803.2437,0.0000000
3803.8146,0.0000000
3804.3856,0.0000000
3804.9566,0.0000000
3805.5278,0.0000000
3806.0990,0.0000000
3806.6703,0.0000000
3807.2417,0.0000000
3807.8132,0.0000000
3808.3847,0.0000000
3808.9564,0.0000000
3809.5281,0.0000000
3810.0999,0.0000000
3810.6719,0.0000000
3811.2439,0.0000000
3811.8159,0.0000000
3812.3881,0.0000000
3812.9604,0.0000000
3813.5327,0.0000000
3814.1051,0.0000000
3814.6776,0.0000000
3815.2502,0.0000000
3815.8229,0.0000000
3816.3957,0.0000000
3816.9685,0.0000000
3817.5415,0.0000000
3818.1145,0.0000000
3818.6876,0.0000000
3819.2608,0.0000000
3819.8341,0.0000000
3820.4075,0.0000000
3820.9809,0.0000000
3821.5545,0.0000000
3822.1281,0.0000000
3822.7018,0.0000000
3823.2756,0.0000000
3823.8495,0.0000000
3824.4235,0.0000000
3824.9976,0.0000000
3825.5717,0.0000000
3826.1459,0.0000000
3826.7203,0.0000000
3827.2947,0.0000000
3827.8692,0.0000000
3828.4437,0.0000000
3829.0184,0.0000000
3829.5931,0.0000000
3830.1680,0.0000000
3830.7429,0.0000000
3831.3179,0.0000000
3831.8930,0.0000000
3832.4682,0.0000000
3833.0435,0.0000000
3833.6188,0.0000000
3834.1943,0.0000000
3834.7698,0.0000000
3835.3454,0.0000000
3835.9211,0.0000000
3836.4969,0.0000000
3837.0728,0.0000000
3837.6487,0.0000000
3838.2248,0.0000000
3838.8009,0.0000000
3839.3771,0.0000000
3839.9534,0.0000000
3840.5298,0.0000000
3841.1063,0.0000000
3841.6829,0.0000000
3842.2595,0.0000000
3842.8362,0.0000000
3843.4131,0.0000000
3843.9900,0.0000000
3844.5670,0.0000000
3845.1441,0.0000000
3845.7212,0.0000000
3846.2985,0.0000000
3846.8758,0.0000000
3847.4533,0.0000000
3848.0308,0.0000000
3848.6084,0.0000000
3849.1861,0.0000000
3849.7639,0.0000000
3850.3417,0.0000000
3850.9197,0.0000000
3851.4977,0.0000000
3852.0758,0.0000000
3852.6540,0.0000000
3853.2323,0.0000000
3853.8107,0.0000000
3854.3892,0.0000000
3854.9678,0.0000000
3855.5464,0.0000000
3856.1251,0.0000000
3856.7040,0.0000000
3857.2829,0.0000000
3857.8619,0.0000000
3858.4409,0.0000000
3859.0201,0.0000000
3859.5994,0.0000000
3860.1787,0.0000000
3860.7581,0.0000000
3861.3376,0.0000000
3861.9172,0.0000000
3862.4969,0.0000000
3863.0767,0.0000000
3863.6566,0.0000000
3864.2365,0.0000000
3864.8166,0.0000000
3865.3967,0.0000000
3865.9769,0.0000000
3866.5572,0.0000000
3867.1376,0.0000000
3867.7180,0.0000000
3868.2986,0.0000000
3868.8792,0.0000000
3869.4600,0.0000000
3870.0408,0.0000000
3870.6217,0.0000000
3871.2027,0.0000000
3871.7838,0.0000000
3872.3650,0.0000000
3872.9462,0.0000000
3873.5276,0.0000000
3874.1090,0.0000000
3874.6905,0.0000000
3875.2721,0.0000000
3875.8538,0.0000000
3876.4356,0.0000000
3877.0175,0.0000000
3877.5994,0.0000000
3878.1815,0.0000000
3878.7636,0.0000000
3879.3458,0.0000000
3879.9281,0.0000000
3880.5105,0.0000000
3881.0930,0.0000000
3881.6755,0.0000000
3882.2582,0.0000000
3882.8409,0.0000000
3883.4238,0.0000000
3884.0067,0.0000000
3884.5897,0.0000000
3885.1728,0.0000000
3885.7560,0.0000000
3886.3392,0.0000000
3886.9226,0.0000000
3887.5060,0.0000000
3888.0896,0.0000000
3888.6732,0.0000000
3889.2569,0.0000000
3889.8407,0.0000000
3890.4245,0.0000000
3891.0085,0.0000000
3891.5926,0.0000000
3892.1767,0.0000000
3892.7609,0.0000000
3893.3453,0.0000000
3893.9297,0.0000000
3894.5142,0.0000000
3895.0987,0.0000000
3895.6834,0.0000000
3896.2682,0.0000000
3896.8530,0.0000000
3897.4379,0.0000000
3898.0230,0.0000000
3898.6081,0.0000000
3899.1933,0.0000000
3899.7786,0.0000000
3900.3639,0.0000000
3900.9494,0.0000000
3901.5349,0.0000000
3902.1206,0.0000000
3902.7063,0.0000000
3903.2921,0.0000000
3903.8780,0.0000000
3904.4640,0.0000000
3905.0501,0.0000000
3905.6362,0.0000000
3906.2225,0.0000000
3906.8088,0.0000000
3907.3952,0.0000000
3907.9818,0.0000000
3908.5684,0.0000000
3909.1551,0.0000000
3909.7418,0.0000000
3910.3287,0.0000000
3910.9157,0.0000000
3911.5027,0.0000000
3912.0898,0.0000000
3912.6771,0.0000000
3913.2644,0.0000000
3913.8518,0.0000000
3914.4392,0.0000000
3915.0268,0.0000000
3915.6145,0.0000000
3916.2022,0.0000000
3916.7901,0.0000000
3917.3780,0.0000000
3917.9660,0.0000000
3918.5541,0.0000000
3919.1423,0.0000000
3919.7306,0.0000000
3920.3189,0.0000000
3920.9074,0.0000000
3921.4959,0.0000000
3922.0846,0.0000000
3922.6733,0.0000000
3923.2621,0.0000000
3923.8510,0.0000000
3924.4400,0.0000000
3925.0290,0.0000000
3925.6182,0.0000000
3926.2075,0.0000000
3926.7968,0.0000000
3927.3862,0.0000000
3927.9757,0.0000000
3928.5653,0.0000000
3929.1550,0.0000000
3929.7448,0.0000000
3930.3347,0.0000000
3930.9247,0.0000000
3931.5147,0.0000000
3932.1048,0.0000000
3932.6951,0.0000000
3933.2854,0.0000000
3933.8758,0.0000000
3934.4663,0.0000000
3935.0568,0.0000000
3935.6475,0.0000000
3936.2383,0.0000000
3936.8291,0.0000000
3937.4200,0.0000000
3938.0111,0.0000000
3938.6022,0.0000000
3939.1934,0.0000000
3939.7847,0.0000000
3940.3760,0.0000000
3940.9675,0.0000000
3941.5591,0.0000000
3942.1507,0.0000000
3942.7424,0.0000000
3943.3343,0.0000000
3943.9262,0.0000000
3944.5182,0.0000000
3945.1102,0.0000000
3945.7024,0.0000000
3946.2947,0.0000000
3946.8870,0.0000000
3947.4795,0.0000000
3948.0720,0.0000000
3948.6646,0.0000000
3949.2573,0.0000000
3949.8501,0.0000000
3950.4430,0.0000000
3951.0360,0.0000000
3951.6291,0.0000000
3952.2222,0.0000000
3952.8155,0.0000000
3953.4088,0.0000000
3954.0022,0.0000000
3954.5957,0.0000000
3955.1893,0.0000000
3955.7830,0.0000000
3956.3768,0.0000000
3956.9707,0.0000000
3957.5646,0.0000000
3958.1587,0.0000000
3958.7528,0.0000000
3959.3470,0.0000000
3959.9414,0.0000000
3960.5358,0.0000000
3961.1302,0.0000000
3961.7248,0.0000000
3962.3195,0.0000000
3962.9143,0.0000000
3963.5091,0.0000000
3964.1040,0.0000000
3964.6991,0.0000000
3965.2942,0.0000000
3965.8894,0.0000000
3966.4847,0.0000000
3967.0801,0.0000000
3967.6755,0.0000000
3968.2711,0.0000000
3968.8668,0.0000000
3969.4625,0.0000000
3970.0583,0.0000000
3970.6543,0.0000000
3971.2503,0.0000000
3971.8464,0.0000000
3972.4426,0.0000000
3973.0388,0.0000000
3973.6352,0.0000000
3974.2317,0.0000000
3974.8282,0.0000000
3975.4248,0.0000000
3976.0216,0.0000000
3976.6184,0.0000000
3977.2153,0.0000000
3977.8123,0.0000000
3978.4094,0.0000000
3979.0065,0.0000000
3979.6038,0.0000000
3980.2012,0.0000000
3980.7986,0.0000000
3981.3961,0.0000000
3981.9938,0.0000000
3982.5915,0.0000000
3983.1893,0.0000000
3983.7872,0.0000000
3984.3852,0.0000000
3984.9832,0.0000000
3985.5814,0.0000000
3986.1796,0.0000000
3986.7780,0.0000000
3987.3764,0.0000000
3987.9749,0.0000000
3988.5735,0.0000000
3989.1722,0.0000000
3989.7710,0.0000000
3990.3699,0.0000000
3990.9689,0.0000000
3991.5679,0.0000000
3992.1671,0.0000000
3992.7663,0.0000000
3993.3657,0.0000000
3993.9651,0.0000000
3994.5646,0.0000000
3995.1642,0.0000000
3995.7639,0.0000000
3996.3637,0.0000000
3996.9635,0.0000000
3997.5635,0.0000000
3998.1635,0.0000000
3998.7637,0.0000000
3999.3639,0.0000000
3999.9642,0.0000000
4000.5646,0.0000000
4001.1651,0.0000000
4001.7657,0.0000000
4002.3664,0.0000000
4002.9672,0.0000000
4003.5680,0.0000000
4004.1690,0.0000000
4004.7700,0.0000000
4005.3712,0.0000000
4005.9724,0.0000000
4006.5737,0.0000000
4007.1751,0.0000000
4007.7766,0.0000000
4008.3782,0.0000000
4008.9798,0.0000000
4009.5816,0.0000000
4010.1835,0.0000000
4010.7854,0.0000000
4011.3874,0.0000000
4011.9896,0.0000000
4012.5918,0.0000000
4013.1941,0.0000000
4013.7965,0.0000000
4014.3990,0.0000000
4015.0015,0.0000000
4015.6042,0.0000000
4016.2070,0.0000000
4016.8098,0.0000000
4017.4128,0.0000000
4018.0158,0.0000000
4018.6189,0.0000000
4019.2221,0.0000000
4019.8254,0.0000000
4020.4288,0.0000000
4021.0323,0.0000000
4021.6359,0.0000000
4022.2395,0.0000000
4022.8433,0.0000000
4023.4471,0.0000000
4024.0511,0.0000000
4024.6551,0.0000000
4025.2592,0.0000000
4025.8634,0.0000000
4026.4677,0.0000000
4027.0721,0.0000000
4027.6766,0.0000000
4028.2811,0.0000000
4028.8858,0.0000000
4029.4906,0.0000000
4030.0954,0.0000000
4030.7003,0.0000000
4031.3053,0.0000000
4031.9105,0.0000000
4032.5157,0.0000000
4033.1210,0.0000000
4033.7264,0.0000000
4034.3318,0.0000000
4034.9374,0.0000000
4035.5431,0.0000000
4036.1488,0.0000000
4036.7546,0.0000000
4037.3606,0.0000000
4037.9666,0.0000000
4038.5727,0.0000000
4039.1789,0.0000000
4039.7852,0.0000000
4040.3916,0.0000000
4040.9981,0.0000000
4041.6047,0.0000000
4042.2113,0.0000000
4042.8181,0.0000000
4043.4249,0.0000000
4044.0318,0.0000000
4044.6389,0.0000000
4045.2460,0.0000000
4045.8532,0.0000000
4046.4605,0.0000000
4047.0679,0.0000000
4047.6754,0.0000000
4048.2829,0.0000000
4048.8906,0.0000000
4049.4983,0.0000000
4050.1062,0.0000000
4050.7141,0.0000000
4051.3222,0.0000000
4051.9303,0.0000000
4052.5385,0.0000000
4053.1468,0.0000000
4053.7552,0.0000000
4054.3637,0.0000000
4054.9722,0.0000000
4055.5809,0.0000000
4056.1897,0.0000000
4056.7985,0.0000000
4057.4075,0.0000000
4058.0165,0.0000000
4058.6256,0.0000000
4059.2348,0.0000000
4059.8441,0.0000000
4060.4535,0.0000000
4061.0630,0.0000000
4061.6726,0.0000000
4062.2823,0.0000000
4062.8920,0.0000000
4063.5019,0.0000000
4064.1118,0.0000000
4064.7219,0.0000000
4065.3320,0.0000000
4065.9422,0.0000000
4066.5525,0.0000000
4067.1630,0.0000000
4067.7735,0.0000000
4068.3840,0.0000000
4068.9947,0.0000000
4069.6055,0.0000000
4070.2164,0.0000000
4070.8273,0.0000000
4071.4384,0.0000000
4072.0495,0.0000000
4072.6607,0.0000000
4073.2720,0.0000000
4073.8835,0.0000000
4074.4950,0.0000000
4075.1066,0.0000000
4075.7183,0.0000000
4076.3300,0.0000000
4076.9419,0.0000000
4077.5539,0.0000000
4078.1659,0.0000000
4078.7781,0.0000000
4079.3903,0.0000000
4080.0026,0.0000000
4080.6151,0.0000000
4081.2276,0.0000000
4081.8402,0.0000000
4082.4529,0.0000000
4083.0657,0.0000000
4083.6786,0.0000000
4084.2915,0.0000000
4084.9046,0.0000000
4085.5178,0.0000000
4086.1310,0.0000000
4086.7444,0.0000000
4087.3578,0.0000000
4087.9713,0.0000000
4088.5850,0.0000000
4089.1987,0.0000000
4089.8125,0.0000000
4090.4264,0.0000000
4091.0404,0.0000000
4091.6544,0.0000000
4092.2686,0.0000000
4092.8829,0.0000000
4093.4972,0.0000000
4094.1117,0.0000000
4094.7262,0.0000000
4095.3409,0.0000000
4095.9556,0.0000000
4096.5704,0.0000000
4097.1853,0.0000000
4097.8003,0.0000000
4098.4154,0.0000000
4099.0306,0.0000000
4099.6459,0.0000000
4100.2613,0.0000000
4100.8767,0.0000000
4101.4923,0.0000000
4102.1079,0.0000000
4102.7237,0.0000000
4103.3395,0.0000000
4103.9554,0.0000000
4104.5715,0.0000000
4105.1876,0.0000000
4105.8038,0.0000000
4106.4201,0.0000000
4107.0365,0.0000000
4107.6529,0.0000000
4108.2695,0.0000000
4108.8862,0.0000000
4109.5029,0.0000000
4110.1198,0.0000000
4110.7367,0.0000000
4111.3538,0.0000000
4111.9709,0.0000000
4112.5881,0.0000000
4113.2054,0.0000000
4113.8228,0.0000000
4114.4403,0.0000000
4115.0579,0.0000000
4115.6756,0.0000000
4116.2934,0.0000000
4116.9113,0.0000000
4117.5292,0.0000000
4118.1473,0.0000000
4118.7654,0.0000000
4119.3837,0.0000000
4120.0020,0.0000000
4120.6205,0.0000000
4121.2390,0.0000000
4121.8576,0.0000000
4122.4763,0.0000000
4123.0951,0.0000000
4123.7140,0.0000000
4124.3330,0.0000000
4124.9521,0.0000000
4125.5712,0.0000000
4126.1905,0.0000000
4126.8098,0.0000000
4127.4293,0.0000000
4128.0488,0.0000000
4128.6685,0.0000000
4129.2882,0.0000000
4129.9080,0.0000000
4130.5279,0.0000000
4131.1479,0.0000000
4131.7680,0.0000000
4132.3882,0.0000000
4133.0085,0.0000000
4133.6289,0.0000000
4134.2494,0.0000000
4134.8700,0.0000000
4135.4906,0.0000000
4136.1114,0.0000000
4136.7322,0.0000000
4137.3531,0.0000000
4137.9742,0.0000000
4138.5953,0.0000000
4139.2165,0.0000000
4139.8378,0.0000000
4140.4592,0.0000000
4141.0807,0.0000000
4141.7023,0.0000000
4142.3240,0.0000000
4142.9458,0.0000000
4143.5677,0.0000000
4144.1896,0.0000000
4144.8117,0.0000000
4145.4338,0.0000000
4146.0561,0.0000000
4146.6784,0.0000000
4147.3009,0.0000000
4147.9234,0.0000000
4148.5460,0.0000000
4149.1687,0.0000000
4149.7915,0.0000000
4150.4144,0.0000000
4151.0374,0.0000000
4151.6605,0.0000000
4152.2837,0.0000000
4152.9070,0.0000000
4153.5303,0.0000000
4154.1538,0.0000000
4154.7773,0.0000000
4155.4010,0.0000000
4156.0247,0.0000000
4156.6486,0.0000000
4157.2725,0.0000000
4157.8965,0.0000000
4158.5206,0.0000000
4159.1448,0.0000000
4159.7692,0.0000000
4160.3935,0.0000000
4161.0180,0.0000000
4161.6426,0.0000000
4162.2673,0.0000000
4162.8921,0.0000000
4163.5169,0.0000000
4164.1419,0.0000000
4164.7670,0.0000000
4165.3921,0.0000000
4166.0173,0.0000000
4166.6427,0.0000000
4167.2681,0.0000000
4167.8936,0.0000000
4168.5192,0.0000000
4169.1450,0.0000000
4169.7708,0.0000000
4170.3967,0.0000000
4171.0227,0.0000000
4171.6487,0.0000000
4172.2749,0.0000000
4172.9012,0.0000000
4173.5276,0.0000000
4174.1540,0.0000000
4174.7806,0.0000000
4175.4072,0.0000000
4176.0340,0.0000000
4176.6608,0.0000000
4177.2878,0.0000000
4177.9148,0.0000000
4178.5419,0.0000000
4179.1691,0.0000000
4179.7964,0.0000000
4180.4238,0.0000000
4181.0513,0.0000000
4181.6789,0.0000000
4182.3066,0.0000000
4182.9344,0.0000000
4183.5623,0.0000000
4184.1902,0.0000000
4184.8183,0.0000000
4185.4464,0.0000000
4186.0747,0.0000000
4186.7030,0.0000000
4187.3315,0.0000000
4187.9600,0.0000000
4188.5886,0.0000000
4189.2174,0.0000000
4189.8462,0.0000000
4190.4751,0.0000000
4191.1041,0.0000000
4191.7332,0.0000000
4192.3624,0.0000000
4192.9917,0.0000000
4193.6211,0.0000000
4194.2506,0.0000000
4194.8801,0.0000000
4195.5098,0.0000000
4196.1396,0.0000000
4196.7694,0.0000000
4197.3994,0.0000000
4198.0294,0.0000000
4198.6596,0.0000000
4199.2898,0.0000000
4199.9201,0.0000000
4200.5505,0.0000000
4201.1811,0.0000000
4201.8117,0.0000000
4202.4424,0.0000000
4203.0732,0.0000000
4203.7041,0.0000000
4204.3351,0.0000000
4204.9662,0.0000000
4205.5973,0.0000000
4206.2286,0.0000000
4206.8600,0.0000000
4207.4915,0.0000000
4208.1230,0.0000000
4208.7547,0.0000000
4209.3864,0.0000000
4210.0183,0.0000000
4210.6502,0.0000000
4211.2822,0.0000000
4211.9144,0.0000000
4212.5466,0.0000000
4213.1789,0.0000000
4213.8113,0.0000000
4214.4438,0.0000000
4215.0764,0.0000000
4215.7091,0.0000000
4216.3419,0.0000000
4216.9748,0.0000000
4217.6078,0.0000000
4218.2409,0.0000000
4218.8741,0.0000000
4219.5073,0.0000000
4220.1407,0.0000000
4220.7742,0.0000000
4221.4077,0.0000000
4222.0414,0.0000000
4222.6751,0.0000000
4223.3089,0.0000000
4223.9429,0.0000000
4224.5769,0.0000000
4225.2110,0.0000000
4225.8453,0.0000000
4226.4796,0.0000000
4227.1140,0.0000000
4227.7485,0.0000000
4228.3831,0.0000000
4229.0178,0.0000000
4229.6526,0.0000000
4230.2875,0.0000000
4230.9224,0.0000000
4231.5575,0.0000000
4232.1927,0.0000000
4232.8280,0.0000000
4233.4633,0.0000000
4234.0988,0.0000000
4234.7343,0.0000000
4235.3700,0.0000000
4236.0057,0.0000000
4236.6416,0.0000000
4237.2775,0.0000000
4237.9135,0.0000000
4238.5497,0.0000000
4239.1859,0.0000000
4239.8222,0.0000000
4240.4586,0.0000000
4241.0951,0.0000000
4241.7317,0.0000000
4242.3684,0.0000000
4243.0052,0.0000000
4243.6421,0.0000000
4244.2791,0.0000000
4244.9162,0.0000000
4245.5534,0.0000000
4246.1907,0.0000000
4246.8280,0.0000000
4247.4655,0.0000000
4248.1030,0.0000000
4248.7407,0.0000000
4249.3785,0.0000000
4250.0163,0.0000000
4250.6542,0.0000000
4251.2923,0.0000000
4251.9304,0.0000000
4252.5687,0.0000000
4253.2070,0.0000000
4253.8454,0.0000000
4254.4839,0.0000000
4255.1225,0.0000000
4255.7612,0.0000000
4256.4001,0.0000000
4257.0390,0.0000000
4257.6780,0.0000000
4258.3170,0.0000000
4258.9562,0.0000000
4259.5955,0.0000000
4260.2349,0.0000000
4260.8744,0.0000000
4261.5140,0.0000000
4262.1536,0.0000000
4262.7934,0.0000000
4263.4333,0.0000000
4264.0732,0.0000000
4264.7133,0.0000000
4265.3534,0.0000000
4265.9937,0.0000000
4266.6340,0.0000000
4267.2744,0.0000000
4267.9150,0.0000000
4268.5556,0.0000000
4269.1963,0.0000000
4269.8372,0.0000000
4270.4781,0.0000000
4271.1191,0.0000000
4271.7602,0.0000000
4272.4014,0.0000000
4273.0427,0.0000000
4273.6841,0.0000000
4274.3256,0.0000000
4274.9672,0.0000000
4275.6089,0.0000000
4276.2507,0.0000000
4276.8926,0.0000000
4277.5345,0.0000000
4278.1766,0.0000000
4278.8188,0.0000000
4279.4610,0.0000000
4280.1034,0.0000000
4280.7459,0.0000000
4281.3884,0.0000000
4282.0311,0.0000000
4282.6738,0.0000000
4283.3167,0.0000000
4283.9596,0.0000000
4284.6027,0.0000000
4285.2458,0.0000000
4285.8890,0.0000000
4286.5323,0.0000000
4287.1758,0.0000000
4287.8193,0.0000000
4288.4629,0.0000000
4289.1066,0.0000000
4289.7504,0.0000000
4290.3943,0.0000000
4291.0384,0.0000000
4291.6825,0.0000000
4292.3267,0.0000000
4292.9709,0.0000000
4293.6153,0.0000000
4294.2598,0.0000000
4294.9044,0.0000000
4295.5491,0.0000000
4296.1939,0.0000000
4296.8387,0.0000000
4297.4837,0.0000000
4298.1288,0.0000000
4298.7740,0.0000000
4299.4192,0.0000000
4300.0646,0.0000000
4300.7100,0.0000000
4301.3556,0.0000000
4302.0012,0.0000000
4302.6470,0.0000000
4303.2928,0.0000000
4303.9388,0.0000000
4304.5848,0.0000000
4305.2309,0.0000000
4305.8772,0.0000000
4306.5235,0.0000000
4307.1699,0.0000000
4307.8164,0.0000000
4308.4631,0.0000000
4309.1098,0.0000000
4309.7566,0.0000000
4310.4035,0.0000000
4311.0505,0.0000000
4311.6976,0.0000000
4312.3448,0.0000000
4312.9921,0.0000000
4313.6395,0.0000000
4314.2870,0.0000000
4314.9346,0.0000000
4315.5823,0.0000000
4316.2301,0.0000000
4316.8780,0.0000000
4317.5259,0.0000000
4318.1740,0.0000000
4318.8222,0.0000000
4319.4705,0.0000000
4320.1188,0.0000000
4320.7673,0.0000000
4321.4159,0.0000000
4322.0645,0.0000000
4322.7133,0.0000000
4323.3621,0.0000000
4324.0111,0.0000000
4324.6601,0.0000000
4325.3093,0.0000000
4325.9585,0.0000000
4326.6079,0.0000000
4327.2573,0.0000000
4327.9069,0.0000000
4328.5565,0.0000000
4329.2062,0.0000000
4329.8561,0.0000000
4330.5060,0.0000000
4331.1560,0.0000000
4331.8061,0.0000000
4332.4564,0.0000000
4333.1067,0.0000000
4333.7571,0.0000000
4334.4076,0.0000000
4335.0582,0.0000000
4335.7089,0.0000000
4336.3597,0.0000000
4337.0106,0.0000000
4337.6616,0.0000000
4338.3127,0.0000000
4338.9639,0.0000000
4339.6152,0.0000000
4340.2666,0.0000000
4340.9181,0.0000000
4341.5697,0.0000000
4342.2214,0.0000000
4342.8732,0.0000000
4343.5251,0.0000000
4344.1770,0.0000000
4344.8291,0.0000000
4345.4813,0.0000000
4346.1336,0.0000000
4346.7859,0.0000000
4347.4384,0.0000000
4348.0910,0.0000000
4348.7436,0.0000000
4349.3964,0.0000000
4350.0493,0.0000000
4350.7022,0.0000000
4351.3553,0.0000000
4352.0084,0.0000000
4352.6617,0.0000000
4353.3150,0.0000000
4353.9685,0.0000000
4354.6220,0.0000000
4355.2757,0.0000000
4355.9294,0.0000000
4356.5833,0.0000000
4357.2372,0.0000000
4357.8912,0.0000000
4358.5454,0.0000000
4359.1996,0.0000000
4359.8539,0.0000000
4360.5084,0.0000000
4361.1629,0.0000000
4361.8175,0.0000000
4362.4723,0.0000000
4363.1271,0.0000000
4363.7820,0.0000000
4364.4370,0.0000000
4365.0921,0.0000000
4365.7474,0.0000000
4366.4027,0.0000000
4367.0581,0.0000000
4367.7136,0.0000000
4368.3692,0.0000000
4369.0249,0.0000000
4369.6807,0.0000000
4370.3366,0.0000000
4370.9926,0.0000000
4371.6487,0.0000000
4372.3049,0.0000000
4372.9612,0.0000000
4373.6176,0.0000000
4374.2741,0.0000000
4374.9307,0.0000000
4375.5874,0.0000000
4376.2442,0.0000000
4376.9011,0.0000000
4377.5581,0.0000000
4378.2152,0.0000000
4378.8724,0.0000000
4379.5297,0.0000000
4380.1870,0.0000000
4380.8445,0.0000000
4381.5021,0.0000000
4382.1598,0.0000000
4382.8176,0.0000000
4383.4754,0.0000000
4384.1334,0.0000000
4384.7915,0.0000000
4385.4497,0.0000000
4386.1079,0.0000000
4386.7663,0.0000000
4387.4248,0.0000000
4388.0834,0.0000000
4388.7420,0.0000000
4389.4008,0.0000000
4390.0597,0.0000000
4390.7186,0.0000000
4391.3777,0.0000000
4392.0368,0.0000000
4392.6961,0.0000000
4393.3555,0.0000000
4394.0149,0.0000000
4394.6745,0.0000000
4395.3341,0.0000000
4395.9939,0.0000000
4396.6538,0.0000000
4397.3137,0.0000000
4397.9738,0.0000000
4398.6339,0.0000000
4399.2942,0.0000000
4399.9545,0.0000000
4400.6150,0.0000000
4401.2755,0.0000000
4401.9362,0.0000000
4402.5969,0.0000000
4403.2578,0.0000000
4403.9187,0.0000000
4404.5798,0.0000000
4405.2409,0.0000000
4405.9021,0.0000000
4406.5635,0.0000000
4407.2249,0.0000000
4407.8865,0.0000000
4408.5481,0.0000000
4409.2098,0.0000000
4409.8717,0.0000000
4410.5336,0.0000000
4411.1957,0.0000000
4411.8578,0.0000000
4412.5200,0.0000000
4413.1824,0.0000000
4413.8448,0.0000000
4414.5073,0.0000000
4415.1700,0.0000000
4415.8327,0.0000000
4416.4955,0.0000000
4417.1585,0.0000000
4417.8215,0.0000000
4418.4846,0.0000000
4419.1479,0.0000000
4419.8112,0.0000000
4420.4746,0.0000000
4421.1382,0.0000000
4421.8018,0.0000000
4422.4655,0.0000000
4423.1294,0.0000000
4423.7933,0.0000000
4424.4573,0.0000000
4425.1214,0.0000000
4425.7857,0.0000000
4426.4500,0.0000000
4427.1144,0.0000000
4427.7790,0.0000000
4428.4436,0.0000000
4429.1083,0.0000000
4429.7731,0.0000000
4430.4381,0.0000000
4431.1031,0.0000000
4431.7682,0.0000000
4432.4334,0.0000000
4433.0988,0.0000000
4433.7642,0.0000000
4434.4297,0.0000000
4435.0953,0.0000000
4435.7611,0.0000000
4436.4269,0.0000000
4437.0928,0.0000000
4437.7588,0.0000000
4438.4250,0.0000000
4439.0912,0.0000000
4439.7575,0.0000000
4440.4239,0.0000000
4441.0905,0.0000000
4441.7571,0.0000000
4442.4238,0.0000000
4443.0906,0.0000000
4443.7576,0.0000000
4444.4246,0.0000000
4445.0917,0.0000000
4445.7589,0.0000000
4446.4263,0.0000000
4447.0937,0.0000000
4447.7612,0.0000000
4448.4288,0.0000000
4449.0966,0.0000000
4449.7644,0.0000000
4450.4323,0.0000000
4451.1003,0.0000000
4451.7685,0.0000000
4452.4367,0.0000000
4453.1050,0.0000000
4453.7735,0.0000000
4454.4420,0.0000000
4455.1106,0.0000000
4455.7793,0.0000000
4456.4482,0.0000000
4457.1171,0.0000000
4457.7861,0.0000000
4458.4553,0.0000000
4459.1245,0.0000000
4459.7938,0.0000000
4460.4633,0.0000000
4461.1328,0.0000000
4461.8024,0.0000000
4462.4722,0.0000000
4463.1420,0.0000000
4463.8119,0.0000000
4464.4820,0.0000000
4465.1521,0.0000000
4465.8223,0.0000000
4466.4927,0.0000000
4467.1631,0.0000000
4467.8336,0.0000000
4468.5043,0.0000000
4469.1750,0.0000000
4469.8459,0.0000000
4470.5168,0.0000000
4471.1878,0.0000000
4471.8590,0.0000000
4472.5302,0.0000000
4473.2016,0.0000000
4473.8730,0.0000000
4474.5446,0.0000000
4475.2162,0.0000000
4475.8880,0.0000000
4476.5598,0.0000000
4477.2318,0.0000000
4477.9038,0.0000000
4478.5760,0.0000000
4479.2482,0.0000000
4479.9206,0.0000000
4480.5930,0.0000000
4481.2656,0.0000000
4481.9382,0.0000000
4482.6110,0.0000000
4483.2838,0.0000000
4483.9568,0.0000000
4484.6299,0.0000000
4485.3030,0.0000000
4485.9763,0.0000000
4486.6496,0.0000000
4487.3231,0.0000000
4487.9967,0.0000000
4488.6703,0.0000000
4489.3441,0.0000000
4490.0180,0.0000000
4490.6919,0.0000000
4491.3660,0.0000000
4492.0402,0.0000000
4492.7144,0.0000000
4493.3888,0.0000000
4494.0633,0.0000000
4494.7379,0.0000000
4495.4125,0.0000000
4496.0873,0.0000000
4496.7622,0.0000000
4497.4372,0.0000000
4498.1123,0.0000000
4498.7875,0.0000000
4499.4627,0.0000000
4500.1381,0.0000000
4500.8136,0.0000000
4501.4892,0.0000000
4502.1649,0.0000000
4502.8407,0.0000000
4503.5166,0.0000000
4504.1926,0.0000000
4504.8687,0.0000000
4505.5449,0.0000000
4506.2212,0.0000000
4506.8976,0.0000000
4507.5741,0.0000000
4508.2507,0.0000000
4508.9274,0.0000000
4509.6042,0.0000000
4510.2811,0.0000000
4510.9581,0.0000000
4511.6352,0.0000000
4512.3124,0.0000000
4512.9898,0.0000000
4513.6672,0.0000000
4514.3447,0.0000000
4515.0223,0.0000000
4515.7000,0.0000000
4516.3779,0.0000000
4517.0558,0.0000000
4517.7338,0.0000000
4518.4119,0.0000000
4519.0902,0.0000000
4519.7685,0.0000000
4520.4469,0.0000000
4521.1255,0.0000000
4521.8041,0.0000000
4522.4829,0.0000000
4523.1617,0.0000000
4523.8406,0.0000000
4524.5197,0.0000000
4525.1988,0.0000000
4525.8781,0.0000000
4526.5574,0.0000000
4527.2369,0.0000000
4527.9164,0.0000000
4528.5961,0.0000000
4529.2759,0.0000000
4529.9557,0.0000000
4530.6357,0.0000000
4531.3158,0.0000000
4531.9959,0.0000000
4532.6762,0.0000000
4533.3566,0.0000000
4534.0370,0.0000000
4534.7176,0.0000000
4535.3983,0.0000000
4536.0791,0.0000000
4536.7600,0.0000000
4537.4409,0.0000000
4538.1220,0.0000000
4538.8032,0.0000000
4539.4845,0.0000000
4540.1659,0.0000000
4540.8474,0.0000000
4541.5290,0.0000000
4542.2107,0.0000000
4542.8925,0.0000000
4543.5744,0.0000000
4544.2564,0.0000000
4544.9385,0.0000000
4545.6207,0.0000000
4546.3031,0.0000000
4546.9855,0.0000000
4547.6680,0.0000000
4548.3506,0.0000000
4549.0333,0.0000000
4549.7162,0.0000000
4550.3991,0.0000000
4551.0821,0.0000000
4551.7653,0.0000000
4552.4485,0.0000000
4553.1318,0.0000000
4553.8153,0.0000000
4554.4988,0.0000000
4555.1825,0.0000000
4555.8662,0.0000000
4556.5501,0.0000000
4557.2340,0.0000000
4557.9181,0.0000000
4558.6023,0.0000000
4559.2865,0.0000000
4559.9709,0.0000000
4560.6554,0.0000000
4561.3399,0.0000000
4562.0246,0.0000000
4562.7094,0.0000000
4563.3943,0.0000000
4564.0792,0.0000000
4564.7643,0.0000000
4565.4495,0.0000000
4566.1348,0.0000000
4566.8202,0.0000000
4567.5057,0.0000000
4568.1913,0.0000000
4568.8770,0.0000000
4569.5628,0.0000000
4570.2487,0.0000000
4570.9347,0.0000000
4571.6208,0.0000000
4572.3071,0.0000000
4572.9934,0.0000000
4573.6798,0.0000000
4574.3663,0.0000000
4575.0530,0.0000000
4575.7397,0.0000000
4576.4265,0.0000000
4577.1135,0.0000000
4577.8005,0.0000000
4578.4877,0.0000000
4579.1749,0.0000000
4579.8623,0.0000000
4580.5497,0.0000000
4581.2373,0.0000000
4581.9249,0.0000000
4582.6127,0.0000000
4583.3006,0.0000000
4583.9885,0.0000000
4584.6766,0.0000000
4585.3648,0.0000000
4586.0531,0.0000000
4586.7415,0.0000000
4587.4299,0.0000000
4588.1185,0.0000000
4588.8072,0.0000000
4589.4960,0.0000000
4590.1849,0.0000000
4590.8739,0.0000000
4591.5630,0.0000000
4592.2522,0.0000000
4592.9416,0.0000000
4593.6310,0.0000000
4594.3205,0.0000000
4595.0101,0.0000000
4595.6999,0.0000000
4596.3897,0.0000000
4597.0796,0.0000000
4597.7697,0.0000000
4598.4598,0.0000000
4599.1501,0.0000000
4599.8404,0.0000000
4600.5309,0.0000000
4601.2214,0.0000000
4601.9121,0.0000000
4602.6028,0.0000000
4603.2937,0.0000000
4603.9847,0.0000000
4604.6758,0.0000000
4605.3669,0.0000000
4606.0582,0.0000000
4606.7496,0.0000000
4607.4411,0.0000000
4608.1327,0.0000000
4608.8244,0.0000000
4609.5162,0.0000000
4610.2081,0.0000000
4610.9001,0.0000000
4611.5922,0.0000000
4612.2844,0.0000000
4612.9768,0.0000000
4613.6692,0.0000000
4614.3617,0.0000000
4615.0543,0.0000000
4615.7471,0.0000000
4616.4399,0.0000000
4617.1329,0.0000000
4617.8259,0.0000000
4618.5191,0.0000000
4619.2123,0.0000000
4619.9057,0.0000000
4620.5992,0.0000000
4621.2927,0.0000000
4621.9864,0.0000000
4622.6802,0.0000000
4623.3741,0.0000000
4624.0681,0.0000000
4624.7621,0.0000000
4625.4563,0.0000000
4626.1506,0.0000000
4626.8450,0.0000000
4627.5395,0.0000000
4628.2342,0.0000000
4628.9289,0.0000000
4629.6237,0.0000000
4630.3186,0.0000000
4631.0136,0.0000000
4631.7088,0.0000000
4632.4040,0.0000000
4633.0994,0.0000000
4633.7948,0.0000000
4634.4904,0.0000000
4635.1860,0.0000000
4635.8818,0.0000000
4636.5776,0.0000000
4637.2736,0.0000000
4637.9697,0.0000000
4638.6658,0.0000000
4639.3621,0.0000000
4640.0585,0.0000000
4640.7550,0.0000000
4641.4516,0.0000000
4642.1483,0.0000000
4642.8451,0.0000000
4643.5420,0.0000000
4644.2390,0.0000000
4644.9361,0.0000000
4645.6334,0.0000000
4646.3307,0.0000000
4647.0281,0.0000000
4647.7257,0.0000000
4648.4233,0.0000000
4649.1211,0.0000000
4649.8189,0.0000000
4650.5169,0.0000000
4651.2149,0.0000000
4651.9131,0.0000000
4652.6114,0.0000000
4653.3097,0.0000000
4654.0082,0.0000000
4654.7068,0.0000000
4655.4055,0.0000000
4656.1043,0.0000000
4656.8032,0.0000000
4657.5022,0.0000000
4658.2013,0.0000000
4658.9005,0.0000000
4659.5998,0.0000000
4660.2992,0.0000000
4660.9988,0.0000000
4661.6984,0.0000000
4662.3981,0.0000000
4663.0980,0.0000000
4663.7979,0.0000000
4664.4980,0.0000000
4665.1982,0.0000000
4665.8984,0.0000000
4666.5988,0.0000000
4667.2993,0.0000000
4667.9998,0.0000000
4668.7005,0.0000000
4669.4013,0.0000000
4670.1022,0.0000000
4670.8032,0.0000000
4671.5043,0.0000000
4672.2055,0.0000000
4672.9068,0.0000000
4673.6083,0.0000000
4674.3098,0.0000000
4675.0114,0.0000000
4675.7132,0.0000000
4676.4150,0.0000000
4677.1170,0.0000000
4677.8190,0.0000000
4678.5212,0.0000000
4679.2234,0.0000000
4679.9258,0.0000000
4680.6283,0.0000000
4681.3309,0.0000000
4682.0335,0.0000000
4682.7363,0.0000000
4683.4392,0.0000000
4684.1422,0.0000000
4684.8453,0.0000000
4685.5485,0.0000000
4686.2519,0.0000000
4686.9553,0.0000000
4687.6588,0.0000000
4688.3625,0.0000000
4689.0662,0.0000000
4689.7700,0.0000000
4690.4740,0.0000000
4691.1781,0.0000000
4691.8822,0.0000000
4692.5865,0.0000000
4693.2909,0.0000000
4693.9953,0.0000000
4694.6999,0.0000000
4695.4046,0.0000000
4696.1094,0.0000000
4696.8143,0.0000000
4697.5193,0.0000000
4698.2245,0.0000000
4698.9297,0.0000000
4699.6350,0.0000000
4700.3404,0.0000000
4701.0460,0.0000000
4701.7516,0.0000000
4702.4574,0.0000000
4703.1632,0.0000000
4703.8692,0.0000000
4704.5753,0.0000000
4705.2814,0.0000000
4705.9877,0.0000000
4706.6941,0.0000000
4707.4006,0.0000000
4708.1072,0.0000000
4708.8139,0.0000000
4709.5207,0.0000000
4710.2276,0.0000000
4710.9346,0.0000000
4711.6418,0.0000000
4712.3490,0.0000000
4713.0564,0.0000000
4713.7638,0.0000000
4714.4714,0.0000000
4715.1790,0.0000000
4715.8868,0.0000000
4716.5947,0.0000000
4717.3026,0.0000000
4718.0107,0.0000000
4718.7189,0.0000000
4719.4272,0.0000000
4720.1356,0.0000000
4720.8441,0.0000000
4721.5527,0.0000000
4722.2615,0.0000000
4722.9703,0.0000000
4723.6792,0.0000000
4724.3883,0.0000000
4725.0974,0.0000000
4725.8067,0.0000000
4726.5160,0.0000000
4727.2255,0.0000000
4727.9351,0.0000000
4728.6448,0.0000000
4729.3546,0.0000000
4730.0644,0.0000000
4730.7744,0.0000000
4731.4846,0.0000000
4732.1948,0.0000000
4732.9051,0.0000000
4733.6155,0.0000000
4734.3261,0.0000000
4735.0367,0.0000000
4735.7474,0.0000000
4736.4583,0.0000000
4737.1693,0.0000000
4737.8803,0.0000000
4738.5915,0.0000000
4739.3028,0.0000000
4740.0142,0.0000000
4740.7257,0.0000000
4741.4373,0.0000000
4742.1490,0.0000000
4742.8608,0.0000000
4743.5727,0.0000000
4744.2847,0.0000000
4744.9969,0.0000000
4745.7091,0.0000000
4746.4215,0.0000000
4747.1339,0.0000000
4747.8465,0.0000000
4748.5591,0.0000000
4749.2719,0.0000000
4749.9848,0.0000000
4750.6978,0.0000000
4751.4109,0.0000000
4752.1241,0.0000000
4752.8374,0.0000000
4753.5508,0.0000000
4754.2644,0.0000000
4754.9780,0.0000000
4755.6917,0.0000000
4756.4056,0.0000000
4757.1195,0.0000000
4757.8336,0.0000000
4758.5478,0.0000000
4759.2620,0.0000000
4759.9764,0.0000000
4760.6909,0.0000000
4761.4055,0.0000000
4762.1202,0.0000000
4762.8350,0.0000000
4763.5500,0.0000000
4764.2650,0.0000000
4764.9801,0.0000000
4765.6954,0.0000000
4766.4107,0.0000000
4767.1262,0.0000000
4767.8417,0.0000000
4768.5574,0.0000000
4769.2732,0.0000000
4769.9891,0.0000000
4770.7051,0.0000000
4771.4212,0.0000000
4772.1374,0.0000000
4772.8537,0.0000000
4773.5701,0.0000000
4774.2866,0.0000000
4775.0033,0.0000000
4775.7200,0.0000000
4776.4369,0.0000000
4777.1538,0.0000000
4777.8709,0.0000000
4778.5881,0.0000000
4779.3054,0.0000000
4780.0228,0.0000000
4780.7403,0.0000000
4781.4579,0.0000000
4782.1756,0.0000000
4782.8934,0.0000000
4783.6113,0.0000000
4784.3294,0.0000000
4785.0475,0.0000000
4785.7658,0.0000000
4786.4841,0.0000000
4787.2026,0.0000000
4787.9212,0.0000000
4788.6399,0.0000000
4789.3587,0.0000000
4790.0776,0.0000000
4790.7966,0.0000000
4791.5157,0.0000000
4792.2349,0.0000000
4792.9542,0.0000000
4793.6737,0.0000000
4794.3932,0.0000000
4795.1129,0.0000000
4795.8327,0.0000000
4796.5525,0.0000000
4797.2725,0.0000000
4797.9926,0.0000000
4798.7128,0.0000000
4799.4331,0.0000000
4800.1535,0.0000000
4800.8740,0.0000000
4801.5947,0.0000000
4802.3154,0.0000000
4803.0363,0.0000000
4803.7572,0.0000000
4804.4783,0.0000000
4805.1994,0.0000000
4805.9207,0.0000000
4806.6421,0.0000000
4807.3636,0.0000000
4808.0852,0.0000000
4808.8069,0.0000000
4809.5287,0.0000000
4810.2507,0.0000000
4810.9727,0.0000000
4811.6948,0.0000000
4812.4171,0.0000000
4813.1395,0.0000000
4813.8619,0.0000000
4814.5845,0.0000000
4815.3072,0.0000000
4816.0300,0.0000000
4816.7529,0.0000000
4817.4759,0.0000000
4818.1990,0.0000000
4818.9223,0.0000000
4819.6456,0.0000000
4820.3691,0.0000000
4821.0926,0.0000000
4821.8163,0.0000000
4822.5400,0.0000000
4823.2639,0.0000000
4823.9879,0.0000000
4824.7120,0.0000000
4825.4362,0.0000000
4826.1605,0.0000000
4826.8850,0.0000000
4827.6095,0.0000000
4828.3341,0.0000000
4829.0589,0.0000000
4829.7838,0.0000000
4830.5087,0.0000000
4831.2338,0.0000000
4831.9590,0.0000000
4832.6843,0.0000000
4833.4097,0.0000000
4834.1352,0.0000000
4834.8608,0.0000000
4835.5866,0.0000000
4836.3124,0.0000000
4837.0383,0.0000000
4837.7644,0.0000000
4838.4906,0.0000000
4839.2168,0.0000000
4839.9432,0.0000000
4840.6697,0.0000000
4841.3963,0.0000000
4842.1230,0.0000000
4842.8499,0.0000000
4843.5768,0.0000000
4844.3038,0.0000000
4845.0310,0.0000000
4845.7582,0.0000000
4846.4856,0.0000000
4847.2131,0.0000000
4847.9407,0.0000000
4848.6684,0.0000000
4849.3962,0.0000000
4850.1241,0.0000000
4850.8521,0.0000000
4851.5802,0.0000000
4852.3085,0.0000000
4853.0368,0.0000000
4853.7653,0.0000000
4854.4939,0.0000000
4855.2225,0.0000000
4855.9513,0.0000000
4856.6802,0.0000000
4857.4092,0.0000000
4858.1383,0.0000000
4858.8676,0.0000000
4859.5969,0.0000000
4860.3263,0.0000000
4861.0559,0.0000000
4861.7856,0.0000000
4862.5153,0.0000000
4863.2452,0.0000000
4863.9752,0.0000000
4864.7053,0.0000000
4865.4355,0.0000000
4866.1658,0.0000000
4866.8963,0.0000000
4867.6268,0.0000000
4868.3575,0.0000000
4869.0882,0.0000000
4869.8191,0.0000000
4870.5501,0.0000000
4871.2812,0.0000000
4872.0124,0.0000000
4872.7437,0.0000000
4873.4751,0.0000000
4874.2066,0.0000000
4874.9382,0.0000000
4875.6700,0.0000000
4876.4018,0.0000000
4877.1338,0.0000000
4877.8659,0.0000000
4878.5981,0.0000000
4879.3304,0.0000000
4880.0628,0.0000000
4880.7953,0.0000000
4881.5279,0.0000000
4882.2607,0.0000000
4882.9935,0.0000000
4883.7265,0.0000000
4884.4595,0.0000000
4885.1927,0.0000000
4885.9260,0.0000000
4886.6594,0.0000000
4887.3929,0.0000000
4888.1265,0.0000000
4888.8602,0.0000000
4889.5941,0.0000000
4890.3280,0.0000000
4891.0621,0.0000000
4891.7962,0.0000000
4892.5305,0.0000000
4893.2649,0.0000000
4893.9994,0.0000000
4894.7340,0.0000000
4895.4687,0.0000000
4896.2036,0.0000000
4896.9385,0.0000000
4897.6735,0.0000000
4898.4087,0.0000000
4899.1440,0.0000000
4899.8794,0.0000000
4900.6148,0.0000000
4901.3504,0.0000000
4902.0862,0.0000000
4902.8220,0.0000000
4903.5579,0.0000000
4904.2940,0.0000000
4905.0301,0.0000000
4905.7664,0.0000000
4906.5027,0.0000000
4907.2392,0.0000000
4907.9758,0.0000000
4908.7125,0.0000000
4909.4494,0.0000000
4910.1863,0.0000000
4910.9233,0.0000000
4911.6605,0.0000000
4912.3977,0.0000000
4913.1351,0.0000000
4913.8726,0.0000000
4914.6102,0.0000000
4915.3479,0.0000000
4916.0857,0.0000000
4916.8236,0.0000000
4917.5616,0.0000000
4918.2998,0.0000000
4919.0380,0.0000000
4919.7764,0.0000000
4920.5149,0.0000000
4921.2535,0.0000000
4921.9922,0.0000000
4922.7310,0.0000000
4923.4699,0.0000000
4924.2089,0.0000000
4924.9481,0.0000000
4925.6873,0.0000000
4926.4267,0.0000000
4927.1662,0.0000000
4927.9058,0.0000000
4928.6455,0.0000000
4929.3853,0.0000000
4930.1252,0.0000000
4930.8652,0.0000000
4931.6054,0.0000000
4932.3456,0.0000000
4933.0860,0.0000000
4933.8264,0.0000000
4934.5670,0.0000000
4935.3077,0.0000000
4936.0485,0.0000000
4936.7895,0.0000000
4937.5305,0.0000000
4938.2716,0.0000000
4939.0129,0.0000000
4939.7542,0.0000000
4940.4957,0.0000000
4941.2373,0.0000000
4941.9790,0.0000000
4942.7208,0.0000000
4943.4627,0.0000000
4944.2048,0.0000000
4944.9469,0.0000000
4945.6892,0.0000000
4946.4315,0.0000000
4947.1740,0.0000000
4947.9166,0.0000000
4948.6593,0.0000000
4949.4021,0.0000000
4950.1450,0.0000000
4950.8881,0.0000000
4951.6312,0.0000000
4952.3745,0.0000000
4953.1179,0.0000000
4953.8613,0.0000000
4954.6049,0.0000000
4955.3486,0.0000000
4956.0925,0.0000000
4956.8364,0.0000000
4957.5804,0.0000000
4958.3246,0.0000000
4959.0688,0.0000000
4959.8132,0.0000000
4960.5577,0.0000000
4961.3023,0.0000000
4962.0470,0.0000000
4962.7918,0.0000000
4963.5368,0.0000000
4964.2818,0.0000000
4965.0270,0.0000000
4965.7722,0.0000000
4966.5176,0.0000000
4967.2631,0.0000000
4968.0087,0.0000000
4968.7544,0.0000000
4969.5003,0.0000000
4970.2462,0.0000000
4970.9923,0.0000000
4971.7384,0.0000000
4972.4847,0.0000000
4973.2311,0.0000000
4973.9776,0.0000000
4974.7242,0.0000000
4975.4709,0.0000000
4976.2178,0.0000000
4976.9647,0.0000000
4977.7118,0.0000000
4978.4590,0.0000000
4979.2062,0.0000000
4979.9536,0.0000000
4980.7012,0.0000000
4981.4488,0.0000000
4982.1965,0.0000000
4982.9444,0.0000000
4983.6923,0.0000000
4984.4404,0.0000000
4985.1886,0.0000000
4985.9369,0.0000000
4986.6853,0.0000000
4987.4338,0.0000000
4988.1824,0.0000000
4988.9312,0.0000000
4989.6800,0.0000000
4990.4290,0.0000000
4991.1781,0.0000000
4991.9273,0.0000000
4992.6766,0.0000000
4993.4260,0.0000000
4994.1755,0.0000000
4994.9252,0.0000000
4995.6749,0.0000000
4996.4248,0.0000000
4997.1748,0.0000000
4997.9249,0.0000000
4998.6751,0.0000000
4999.4254,0.0000000
5000.1758,0.0000000
5000.9264,0.0000000
5001.6771,0.0000000
5002.4278,0.0000000
5003.1787,0.0000000
5003.9297,0.0000000
5004.6808,0.0000000
5005.4320,0.0000000
5006.1834,0.0000000
5006.9348,0.0000000
5007.6864,0.0000000
5008.4380,0.0000000
5009.1898,0.0000000
5009.9417,0.0000000
5010.6937,0.0000000
5011.4459,0.0000000
5012.1981,0.0000000
5012.9505,0.0000000
5013.7029,0.0000000
5014.4555,0.0000000
5015.2082,0.0000000
5015.9610,0.0000000
5016.7139,0.0000000
5017.4669,0.0000000
5018.2201,0.0000000
5018.9733,0.0000000
5019.7267,0.0000000
5020.4802,0.0000000
5021.2338,0.0000000
5021.9875,0.0000000
5022.7413,0.0000000
5023.4952,0.0000000
5024.2493,0.0000000
5025.0034,0.0000000
5025.7577,0.0000000
5026.5121,0.0000000
5027.2666,0.0000000
5028.0212,0.0000000
5028.7759,0.0000000
5029.5308,0.0000000
5030.2857,0.0000000
5031.0408,0.0000000
5031.7960,0.0000000
5032.5512,0.0000000
5033.3067,0.0000000
5034.0622,0.0000000
5034.8178,0.0000000
5035.5736,0.0000000
5036.3294,0.0000000
5037.0854,0.0000000
5037.8415,0.0000000
5038.5977,0.0000000
5039.3540,0.0000000
5040.1104,0.0000000
5040.8669,0.0000000
5041.6236,0.0000000
5042.3804,0.0000000
5043.1372,0.0000000
5043.8942,0.0000000
5044.6514,0.0000000
5045.4086,0.0000000
5046.1659,0.0000000
5046.9234,0.0000000
5047.6809,0.0000000
5048.4386,0.0000000
5049.1964,0.0000000
5049.9543,0.0000000
5050.7123,0.0000000
5051.4704,0.0000000
5052.2287,0.0000000
5052.9870,0.0000000
5053.7455,0.0000000
5054.5041,0.0000000
5055.2628,0.0000000
5056.0216,0.0000000
5056.7805,0.0000000
5057.5396,0.0000000
5058.2987,0.0000000
5059.0580,0.0000000
5059.8174,0.0000000
5060.5769,0.0000000
5061.3365,0.0000000
5062.0962,0.0000000
5062.8561,0.0000000
5063.6160,0.0000000
5064.3761,0.0000000
5065.1363,0.0000000
5065.8966,0.0000000
5066.6570,0.0000000
5067.4175,0.0000000
5068.1781,0.0000000
5068.9389,0.0000000
5069.6998,0.0000000
5070.4608,0.0000000
5071.2218,0.0000000
5071.9831,0.0000000
5072.7444,0.0000000
5073.5058,0.0000000
5074.2674,0.0000000
5075.0290,0.0000000
5075.7908,0.0000000
5076.5527,0.0000000
5077.3147,0.0000000
5078.0768,0.0000000
5078.8391,0.0000000
5079.6014,0.0000000
5080.3639,0.0000000
5081.1265,0.0000000
5081.8892,0.0000000
5082.6520,0.0000000
5083.4149,0.0000000
5084.1780,0.0000000
5084.9411,0.0000000
5085.7044,0.0000000
5086.4678,0.0000000
5087.2313,0.0000000
5087.9949,0.0000000
5088.7586,0.0000000
5089.5225,0.0000000
5090.2864,0.0000000
5091.0505,0.0000000
5091.8147,0.0000000
5092.5790,0.0000000
5093.3434,0.0000000
5094.1079,0.0000000
5094.8726,0.0000000
5095.6373,0.0000000
5096.4022,0.0000000
5097.1672,0.0000000
5097.9323,0.0000000
5098.6975,0.0000000
5099.4628,0.0000000
5100.2283,0.0000000
5100.9939,0.0000000
5101.7595,0.0000000
5102.5253,0.0000000
5103.2912,0.0000000
5104.0573,0.0000000
5104.8234,0.0000000
5105.5897,0.0000000
5106.3560,0.0000000
5107.1225,0.0000000
5107.8891,0.0000000
5108.6558,0.0000000
5109.4226,0.0000000
5110.1896,0.0000000
5110.9566,0.0000000
5111.7238,0.0000000
5112.4911,0.0000000
5113.2585,0.0000000
5114.0260,0.0000000
5114.7937,0.0000000
5115.5614,0.0000000
5116.3293,0.0000000
5117.0973,0.0000000
5117.8654,0.0000000
5118.6336,0.0000000
5119.4019,0.0000000
5120.1703,0.0000000
5120.9389,0.0000000
5121.7076,0.0000000
5122.4764,0.0000000
5123.2453,0.0000000
5124.0143,0.0000000
5124.7834,0.0000000
5125.5527,0.0000000
5126.3220,0.0000000
5127.0915,0.0000000
5127.8611,0.0000000
5128.6308,0.0000000
5129.4006,0.0000000
5130.1706,0.0000000
5130.9406,0.0000000
5131.7108,0.0000000
5132.4811,0.0000000
5133.2515,0.0000000
5134.0220,0.0000000
5134.7927,0.0000000
5135.5634,0.0000000
5136.3343,0.0000000
5137.1053,0.0000000
5137.8764,0.0000000
5138.6476,0.0000000
5139.4189,0.0000000
5140.1904,0.0000000
5140.9619,0.0000000
5141.7336,0.0000000
5142.5054,0.0000000
5143.2773,0.0000000
5144.0493,0.0000000
5144.8215,0.0000000
5145.5937,0.0000000
5146.3661,0.0000000
5147.1386,0.0000000
5147.9112,0.0000000
5148.6839,0.0000000
5149.4568,0.0000000
5150.2297,0.0000000
5151.0028,0.0000000
5151.7760,0.0000000
5152.5493,0.0000000
5153.3227,0.0000000
5154.0962,0.0000000
5154.8699,0.0000000
5155.6436,0.0000000
5156.4175,0.0000000
5157.1915,0.0000000
5157.9656,0.0000000
5158.7399,0.0000000
5159.5142,0.0000000
5160.2887,0.0000000
5161.0633,0.0000000
5161.8380,0.0000000
5162.6128,0.0000000
5163.3877,0.0000000
5164.1627,0.0000000
5164.9379,0.0000000
5165.7132,0.0000000
5166.4886,0.0000000
5167.2641,0.0000000
5168.0397,0.0000000
5168.8154,0.0000000
5169.5913,0.0000000
5170.3673,0.0000000
5171.1434,0.0000000
5171.9196,0.0000000
5172.6959,0.0000000
5173.4723,0.0000000
5174.2489,0.0000000
5175.0256,0.0000000
5175.8024,0.0000000
5176.5793,0.0000000
5177.3563,0.0000000
5178.1334,0.0000000
5178.9107,0.0000000
5179.6881,0.0000000
5180.4656,0.0000000
5181.2432,0.0000000
5182.0209,0.0000000
5182.7987,0.0000000
5183.5767,0.0000000
5184.3548,0.0000000
5185.1330,0.0000000
5185.9113,0.0000000
5186.6897,0.0000000
5187.4682,0.0000000
5188.2469,0.0000000
5189.0257,0.0000000
5189.8046,0.0000000
5190.5836,0.0000000
5191.3627,0.0000000
5192.1419,0.0000000
5192.9213,0.0000000
5193.7008,0.0000000
5194.4804,0.0000000
5195.2601,0.0000000
5196.0399,0.0000000
5196.8199,0.0000000
5197.5999,0.0000000
5198.3801,0.0000000
5199.1604,0.0000000
5199.9408,0.0000000
5200.7213,0.0000000
5201.5020,0.0000000
5202.2828,0.0000000
5203.0636,0.0000000
5203.8446,0.0000000
5204.6258,0.0000000
5205.4070,0.0000000
5206.1883,0.0000000
5206.9698,0.0000000
5207.7514,0.0000000
5208.5331,0.0000000
5209.3149,0.0000000
5210.0969,0.0000000
5210.8789,0.0000000
5211.6611,0.0000000
5212.4434,0.0000000
5213.2258,0.0000000
5214.0083,0.0000000
5214.7910,0.0000000
5215.5737,0.0000000
5216.3566,0.0000000
5217.1396,0.0000000
5217.9227,0.0000000
5218.7059,0.0000000
5219.4893,0.0000000
5220.2727,0.0000000
5221.0563,0.0000000
5221.8400,0.0000000
5222.6239,0.0000000
5223.4078,0.0000000
5224.1918,0.0000000
5224.9760,0.0000000
5225.7603,0.0000000
5226.5447,0.0000000
5227.3292,0.0000000
5228.1139,0.0000000
5228.8986,0.0000000
5229.6835,0.0000000
5230.4685,0.0000000
5231.2536,0.0000000
5232.0389,0.0000000
5232.8242,0.0000000
5233.6097,0.0000000
5234.3953,0.0000000
5235.1810,0.0000000
5235.9668,0.0000000
5236.7527,0.0000000
5237.5388,0.0000000
5238.3249,0.0000000
5239.1112,0.0000000
5239.8977,0.0000000
5240.6842,0.0000000
5241.4708,0.0000000
5242.2576,0.0000000
5243.0445,0.0000000
5243.8315,0.0000000
5244.6186,0.0000000
5245.4058,0.0000000
5246.1932,0.0000000
5246.9807,0.0000000
5247.7683,0.0000000
5248.5560,0.0000000
5249.3438,0.0000000
5250.1317,0.0000000
5250.9198,0.0000000
5251.7080,0.0000000
5252.4963,0.0000000
5253.2847,0.0000000
5254.0732,0.0000000
5254.8619,0.0000000
5255.6507,0.0000000
5256.4396,0.0000000
5257.2286,0.0000000
5258.0177,0.0000000
5258.8070,0.0000000
5259.5963,0.0000000
5260.3858,0.0000000
5261.1754,0.0000000
5261.9651,0.0000000
5262.7550,0.0000000
5263.5449,0.0000000
5264.3350,0.0000000
5265.1252,0.0000000
5265.9155,0.0000000
5266.7060,0.0000000
5267.4965,0.0000000
5268.2872,0.0000000
5269.0780,0.0000000
5269.8689,0.0000000
5270.6599,0.0000000
5271.4511,0.0000000
5272.2423,0.0000000
5273.0337,0.0000000
5273.8252,0.0000000
5274.6168,0.0000000
5275.4086,0.0000000
5276.2004,0.0000000
5276.9924,0.0000000
5277.7845,0.0000000
5278.5767,0.0000000
5279.3691,0.0000000
5280.1615,0.0000000
5280.9541,0.0000000
5281.7468,0.0000000
5282.5396,0.0000000
5283.3325,0.0000000
5284.1256,0.0000000
5284.9187,0.0000000
5285.7120,0.0000000
5286.5054,0.0000000
5287.2990,0.0000000
5288.0926,0.0000000
5288.8864,0.0000000
5289.6802,0.0000000
5290.4742,0.0000000
5291.2684,0.0000000
5292.0626,0.0000000
5292.8570,0.0000000
5293.6514,0.0000000
5294.4460,0.0000000
5295.2408,0.0000000
5296.0356,0.0000000
5296.8305,0.0000000
5297.6256,0.0000000
5298.4208,0.0000000
5299.2161,0.0000000
5300.0116,0.0000000
5300.8071,0.0000000
5301.6028,0.0000000
5302.3986,0.0000000
5303.1945,0.0000000
5303.9905,0.0000000
5304.7867,0.0000000
5305.5829,0.0000000
5306.3793,0.0000000
5307.1758,0.0000000
5307.9725,0.0000000
5308.7692,0.0000000
5309.5661,0.0000000
5310.3631,0.0000000
5311.1602,0.0000000
5311.9574,0.0000000
5312.7547,0.0000000
5313.5522,0.0000000
5314.3498,0.0000000
5315.1475,0.0000000
5315.9453,0.0000000
5316.7433,0.0000000
5317.5413,0.0000000
5318.3395,0.0000000
5319.1378,0.0000000
5319.9362,0.0000000
5320.7348,0.0000000
5321.5334,0.0000000
5322.3322,0.0000000
5323.1311,0.0000000
5323.9301,0.0000000
5324.7293,0.0000000
5325.5285,0.0000000
5326.3279,0.0000000
5327.1274,0.0000000
5327.9271,0.0000000
5328.7268,0.0000000
5329.5267,0.0000000
5330.3266,0.0000000
5331.1267,0.0000000
5331.9270,0.0000000
5332.7273,0.0000000
5333.5278,0.0000000
5334.3284,0.0000000
5335.1291,0.0000000
5335.9299,0.0000000
5336.7308,0.0000000
5337.5319,0.0000000
5338.3331,0.0000000
5339.1344,0.0000000
5339.9358,0.0000000
5340.7373,0.0000000
5341.5390,0.0000000
5342.3408,0.0000000
5343.1427,0.0000000
5343.9447,0.0000000
5344.7469,0.0000000
5345.5491,0.0000000
5346.3515,0.0000000
5347.1540,0.0000000
5347.9567,0.0000000
5348.7594,0.0000000
5349.5623,0.0000000
5350.3653,0.0000000
5351.1684,0.0000000
5351.9716,0.0000000
5352.7750,0.0000000
5353.5784,0.0000000
5354.3820,0.0000000
5355.1857,0.0000000
5355.9896,0.0000000
5356.7935,0.0000000
5357.5976,0.0000000
5358.4018,0.0000000
5359.2061,0.0000000
5360.0106,0.0000000
5360.8151,0.0000000
5361.6198,0.0000000
5362.4246,0.0000000
5363.2295,0.0000000
5364.0346,0.0000000
5364.8397,0.0000000
5365.6450,0.0000000
5366.4504,0.0000000
5367.2559,0.0000000
5368.0616,0.0000000
5368.8673,0.0000000
5369.6732,0.0000000
5370.4792,0.0000000
5371.2854,0.0000000
5372.0916,0.0000000
5372.8980,0.0000000
5373.7045,0.0000000
5374.5111,0.0000000
5375.3178,0.0000000
5376.1247,0.0000000
5376.9317,0.0000000
5377.7388,0.0000000
5378.5460,0.0000000
5379.3533,0.0000000
5380.1608,0.0000000
5380.9684,0.0000000
5381.7761,0.0000000
5382.5839,0.0000000
5383.3918,0.0000000
5384.1999,0.0000000
5385.0081,0.0000000
5385.8164,0.0000000
5386.6248,0.0000000
5387.4334,0.0000000
5388.2421,0.0000000
5389.0509,0.0000000
5389.8598,0.0000000
5390.6688,0.0000000
5391.4780,0.0000000
5392.2873,0.0000000
5393.0967,0.0000000
5393.9062,0.0000000
5394.7158,0.0000000
5395.5256,0.0000000
5396.3355,0.0000000
5397.1455,0.0000000
5397.9556,0.0000000
5398.7659,0.0000000
5399.5763,0.0000000
5400.3868,0.0000000
5401.1974,0.0000000
5402.0081,0.0000000
5402.8190,0.0000000
5403.6300,0.0000000
5404.4411,0.0000000
5405.2523,0.0000000
5406.0637,0.0000000
5406.8751,0.0000000
5407.6867,0.0000000
5408.4984,0.0000000
5409.3103,0.0000000
5410.1222,0.0000000
5410.9343,0.0000000
5411.7465,0.0000000
5412.5588,0.0000000
5413.3713,0.0000000
5414.1838,0.0000000
5414.9965,0.0000000
5415.8093,0.0000000
5416.6223,0.0000000
5417.4353,0.0000000
5418.2485,0.0000000
5419.0618,0.0000000
5419.8752,0.0000000
5420.6888,0.0000000
5421.5024,0.0000000
5422.3162,0.0000000
5423.1301,0.0000000
5423.9442,0.0000000
5424.7583,0.0000000
5425.5726,0.0000000
5426.3870,0.0000000
5427.2015,0.0000000
5428.0162,0.0000000
5428.8309,0.0000000
5429.6458,0.0000000
5430.4608,0.0000000
5431.2760,0.0000000
5432.0912,0.0000000
5432.9066,0.0000000
5433.7221,0.0000000
5434.5377,0.0000000
5435.3535,0.0000000
5436.1693,0.0000000
5436.9853,0.0000000
5437.8014,0.0000000
5438.6177,0.0000000
5439.4340,0.0000000
5440.2505,0.0000000
5441.0671,0.0000000
5441.8838,0.0000000
5442.7007,0.0000000
5443.5177,0.0000000
5444.3348,0.0000000
5445.1520,0.0000000
5445.9693,0.0000000
5446.7868,0.0000000
5447.6044,0.0000000
5448.4221,0.0000000
5449.2399,0.0000000
5450.0578,0.0000000
5450.8759,0.0000000
5451.6941,0.0000000
5452.5124,0.0000000
5453.3309,0.0000000
5454.1494,0.0000000
5454.9681,0.0000000
5455.7869,0.0000000
5456.6059,0.0000000
5457.4249,0.0000000
5458.2441,0.0000000
5459.0634,0.0000000
5459.8828,0.0000000
5460.7024,0.0000000
5461.5221,0.0000000
5462.3419,0.0000000
5463.1618,0.0000000
5463.9818,0.0000000
5464.8020,0.0000000
5465.6223,0.0000000
5466.4427,0.0000000
5467.2632,0.0000000
5468.0839,0.0000000
5468.9047,0.0000000
5469.7256,0.0000000
5470.5466,0.0000000
5471.3677,0.0000000
5472.1890,0.0000000
5473.0104,0.0000000
5473.8319,0.0000000
5474.6536,0.0000000
5475.4753,0.0000000
5476.2972,0.0000000
5477.1192,0.0000000
5477.9414,0.0000000
5478.7636,0.0000000
5479.5860,0.0000000
5480.4085,0.0000000
5481.2312,0.0000000
5482.0539,0.0000000
5482.8768,0.0000000
5483.6998,0.0000000
5484.5229,0.0000000
5485.3462,0.0000000
5486.1695,0.0000000
5486.9930,0.0000000
5487.8166,0.0000000
5488.6404,0.0000000
5489.4643,0.0000000
5490.2882,0.0000000
5491.1124,0.0000000
5491.9366,0.0000000
5492.7610,0.0000000
5493.5854,0.0000000
5494.4100,0.0000000
5495.2348,0.0000000
5496.0596,0.0000000
5496.8846,0.0000000
5497.7097,0.0000000
5498.5349,0.0000000
5499.3603,0.0000000
5500.1858,0.0000000
5501.0114,0.0000000
5501.8371,0.0000000
5502.6629,0.0000000
5503.4889,0.0000000
5504.3150,0.0000000
5505.1412,0.0000000
5505.9676,0.0000000
5506.7940,0.0000000
5507.6206,0.0000000
5508.4473,0.0000000
5509.2742,0.0000000
5510.1011,0.0000000
5510.9282,0.0000000
5511.7554,0.0000000
5512.5828,0.0000000
5513.4102,0.0000000
5514.2378,0.0000000
5515.0655,0.0000000
5515.8934,0.0000000
5516.7213,0.0000000
5517.5494,0.0000000
5518.3776,0.0000000
5519.2059,0.0000000
5520.0344,0.0000000
5520.8630,0.0000000
5521.6917,0.0000000
5522.5205,0.0000000
5523.3495,0.0000000
5524.1785,0.0000000
5525.0077,0.0000000
5525.8371,0.0000000
5526.6665,0.0000000
5527.4961,0.0000000
5528.3258,0.0000000
5529.1556,0.0000000
5529.9855,0.0000000
5530.8156,0.0000000
5531.6458,0.0000000
5532.4761,0.0000000
5533.3066,0.0000000
5534.1372,0.0000000
5534.9678,0.0000000
5535.7987,0.0000000
5536.6296,0.0000000
5537.4607,0.0000000
5538.2919,0.0000000
5539.1232,0.0000000
5539.9546,0.0000000
5540.7862,0.0000000
5541.6179,0.0000000
5542.4497,0.0000000
5543.2817,0.0000000
5544.1137,0.0000000
5544.9459,0.0000000
5545.7782,0.0000000
5546.6107,0.0000000
5547.4432,0.0000000
5548.2759,0.0000000
5549.1088,0.0000000
5549.9417,0.0000000
5550.7748,0.0000000
5551.6080,0.0000000
5552.4413,0.0000000
5553.2747,0.0000000
5554.1083,0.0000000
5554.9420,0.0000000
5555.7758,0.0000000
5556.6097,0.0000000
5557.4438,0.0000000
5558.2780,0.0000000
5559.1123,0.0000000
5559.9468,0.0000000
5560.7813,0.0000000
5561.6160,0.0000000
5562.4509,0.0000000
5563.2858,0.0000000
5564.1209,0.0000000
5564.9561,0.0000000
5565.7914,0.0000000
5566.6268,0.0000000
5567.4624,0.0000000
5568.2981,0.0000000
5569.1339,0.0000000
5569.9699,0.0000000
5570.8059,0.0000000
5571.6421,0.0000000
5572.4785,0.0000000
5573.3149,0.0000000
5574.1515,0.0000000
5574.9882,0.0000000
5575.8250,0.0000000
5576.6620,0.0000000
5577.4991,0.0000000
5578.3363,0.0000000
5579.1736,0.0000000
5580.0110,0.0000000
5580.8486,0.0000000
5581.6863,0.0000000
5582.5242,0.0000000
5583.3621,0.0000000
5584.2002,0.0000000
5585.0384,0.0000000
5585.8768,0.0000000
5586.7152,0.0000000
5587.5538,0.0000000
5588.3925,0.0000000
5589.2314,0.0000000
5590.0703,0.0000000
5590.9094,0.0000000
5591.7486,0.0000000
5592.5880,0.0000000
5593.4274,0.0000000
5594.2670,0.0000000
5595.1068,0.0000000
5595.9466,0.0000000
5596.7866,0.0000000
5597.6267,0.0000000
5598.4669,0.0000000
5599.3073,0.0000000
5600.1477,0.0000000
5600.9883,0.0000000
5601.8291,0.0000000
5602.6699,0.0000000
5603.5109,0.0000000
5604.3520,0.0000000
5605.1932,0.0000000
5606.0346,0.0000000
5606.8761,0.0000000
5607.7177,0.0000000
5608.5594,0.0000000
5609.4013,0.0000000
5610.2433,0.0000000
5611.0854,0.0000000
5611.9277,0.0000000
5612.7700,0.0000000
5613.6125,0.0000000
5614.4552,0.0000000
5615.2979,0.0000000
5616.1408,0.0000000
5616.9838,0.0000000
5617.8269,0.0000000
5618.6702,0.0000000
5619.5136,0.0000000
5620.3571,0.0000000
5621.2007,0.0000000
5622.0445,0.0000000
5622.8884,0.0000000
5623.7324,0.0000000
5624.5765,0.0000000
5625.4208,0.0000000
5626.2652,0.0000000
5627.1097,0.0000000
5627.9544,0.0000000
5628.7992,0.0000000
5629.6441,0.0000000
5630.4891,0.0000000
5631.3343,0.0000000
5632.1795,0.0000000
5633.0249,0.0000000
5633.8705,0.0000000
5634.7162,0.0000000
5635.5619,0.0000000
5636.4079,0.0000000
5637.2539,0.0000000
5638.1001,0.0000000
5638.9464,0.0000000
5639.7928,0.0000000
5640.6394,0.0000000
5641.4860,0.0000000
5642.3329,0.0000000
5643.1798,0.0000000
5644.0269,0.0000000
5644.8740,0.0000000
5645.7214,0.0000000
5646.5688,0.0000000
5647.4164,0.0000000
5648.2641,0.0000000
5649.1119,0.0000000
5649.9599,0.0000000
5650.8079,0.0000000
5651.6561,0.0000000
5652.5045,0.0000000
5653.3529,0.0000000
5654.2015,0.0000000
5655.0503,0.0000000
5655.8991,0.0000000
5656.7481,0.0000000
5657.5972,0.0000000
5658.4464,0.0000000
5659.2957,0.0000000
5660.1452,0.0000000
5660.9948,0.0000000
5661.8446,0.0000000
5662.6944,0.0000000
5663.5444,0.0000000
5664.3946,0.0000000
5665.2448,0.0000000
5666.0952,0.0000000
5666.9457,0.0000000
5667.7963,0.0000000
5668.6471,0.0000000
5669.4980,0.0000000
5670.3490,0.0000000
5671.2001,0.0000000
5672.0514,0.0000000
5672.9028,0.0000000
5673.7543,0.0000000
5674.6060,0.0000000
5675.4577,0.0000000
5676.3096,0.0000000
5677.1617,0.0000000
5678.0138,0.0000000
5678.8661,0.0000000
5679.7186,0.0000000
5680.5711,0.0000000
5681.4238,0.0000000
5682.2766,0.0000000
5683.1295,0.0000000
5683.9826,0.0000000
5684.8358,0.0000000
5685.6891,0.0000000
5686.5425,0.0000000
5687.3961,0.0000000
5688.2498,0.0000000
5689.1036,0.0000000
5689.9576,0.0000000
5690.8117,0.0000000
5691.6659,0.0000000
5692.5202,0.0000000
5693.3747,0.0000000
5694.2293,0.0000000
5695.0840,0.0000000
5695.9389,0.0000000
5696.7938,0.0000000
5697.6489,0.0000000
5698.5042,0.0000000
5699.3596,0.0000000
5700.2151,0.0000000
5701.0707,0.0000000
5701.9264,0.0000000
5702.7823,0.0000000
5703.6383,0.0000000
5704.4945,0.0000000
5705.3507,0.0000000
5706.2071,0.0000000
5707.0636,0.0000000
5707.9203,0.0000000
5708.7771,0.0000000
5709.6340,0.0000000
5710.4910,0.0000000
5711.3482,0.0000000
5712.2055,0.0000000
5713.0629,0.0000000
5713.9205,0.0000000
5714.7781,0.0000000
5715.6360,0.0000000
5716.4939,0.0000000
5717.3520,0.0000000
5718.2102,0.0000000
5719.0685,0.0000000
5719.9269,0.0000000
5720.7855,0.0000000
5721.6442,0.0000000
5722.5031,0.0000000
5723.3620,0.0000000
5724.2211,0.0000000
5725.0804,0.0000000
5725.9397,0.0000000
5726.7992,0.0000000
5727.6588,0.0000000
5728.5186,0.0000000
5729.3784,0.0000000
5730.2384,0.0000000
5731.0986,0.0000000
5731.9588,0.0000000
5732.8192,0.0000000
5733.6797,0.0000000
5734.5404,0.0000000
5735.4012,0.0000000
5736.2621,0.0000000
5737.1231,0.0000000
5737.9843,0.0000000
5738.8456,0.0000000
5739.7070,0.0000000
5740.5685,0.0000000
5741.4302,0.0000000
5742.2920,0.0000000
5743.1540,0.0000000
5744.0160,0.0000000
5744.8782,0.0000000
5745.7406,0.0000000
5746.6030,0.0000000
5747.4656,0.0000000
5748.3283,0.0000000
5749.1912,0.0000000
5750.0541,0.0000000
5750.9173,0.0000000
5751.7805,0.0000000
5752.6439,0.0000000
5753.5073,0.0000000
5754.3710,0.0000000
5755.2347,0.0000000
5756.0986,0.0000000
5756.9626,0.0000000
5757.8268,0.0000000
5758.6910,0.0000000
5759.5554,0.0000000
5760.4200,0.0000000
5761.2846,0.0000000
5762.1494,0.0000000
5763.0143,0.0000000
5763.8794,0.0000000
5764.7446,0.0000000
5765.6099,0.0000000
5766.4753,0.0000000
5767.3409,0.0000000
5768.2066,0.0000000
5769.0724,0.0000000
5769.9384,0.0000000
5770.8045,0.0000000
5771.6707,0.0000000
5772.5370,0.0000000
5773.4035,0.0000000
5774.2701,0.0000000
5775.1369,0.0000000
5776.0037,0.0000000
5776.8707,0.0000000
5777.7379,0.0000000
5778.6051,0.0000000
5779.4725,0.0000000
5780.3400,0.0000000
5781.2077,0.0000000
5782.0755,0.0000000
5782.9434,0.0000000
5783.8114,0.0000000
5784.6796,0.0000000
5785.5479,0.0000000
5786.4163,0.0000000
5787.2849,0.0000000
5788.1536,0.0000000
5789.0224,0.0000000
5789.8914,0.0000000
5790.7605,0.0000000
5791.6297,0.0000000
5792.4990,0.0000000
5793.3685,0.0000000
5794.2381,0.0000000
5795.1078,0.0000000
5795.9777,0.0000000
5796.8477,0.0000000
5797.7178,0.0000000
5798.5881,0.0000000
5799.4585,0.0000000
5800.3290,0.0000000
5801.1997,0.0000000
5802.0704,0.0000000
5802.9414,0.0000000
5803.8124,0.0000000
5804.6836,0.0000000
5805.5549,0.0000000
5806.4263,0.0000000
5807.2979,0.0000000
5808.1696,0.0000000
5809.0414,0.0000000
5809.9134,0.0000000
5810.7855,0.0000000
5811.6577,0.0000000
5812.5300,0.0000000
5813.4025,0.0000000
5814.2751,0.0000000
5815.1479,0.0000000
5816.0207,0.0000000
5816.8938,0.0000000
5817.7669,0.0000000
5818.6402,0.0000000
5819.5136,0.0000000
5820.3871,0.0000000
5821.2608,0.0000000
5822.1346,0.0000000
5823.0085,0.0000000
5823.8825,0.0000000
5824.7567,0.0000000
5825.6310,0.0000000
5826.5055,0.0000000
5827.3801,0.0000000
5828.2548,0.0000000
5829.1296,0.0000000
5830.0046,0.0000000
5830.8797,0.0000000
5831.7549,0.0000000
5832.6303,0.0000000
5833.5058,0.0000000
5834.3814,0.0000000
5835.2572,0.0000000
5836.1331,0.0000000
5837.0091,0.0000000
5837.8853,0.0000000
5838.7616,0.0000000
5839.6380,0.0000000
5840.5145,0.0000000
5841.3912,0.0000000
5842.2680,0.0000000
5843.1450,0.0000000
5844.0221,0.0000000
5844.8993,0.0000000
5845.7766,0.0000000
5846.6541,0.0000000
5847.5317,0.0000000
5848.4094,0.0000000
5849.2873,0.0000000
5850.1653,0.0000000
5851.0434,0.0000000
5851.9217,0.0000000
5852.8001,0.0000000
5853.6786,0.0000000
5854.5573,0.0000000
5855.4361,0.0000000
5856.3150,0.0000000
5857.1941,0.0000000
5858.0732,0.0000000
5858.9526,0.0000000
5859.8320,0.0000000
5860.7116,0.0000000
5861.5913,0.0000000
5862.4712,0.0000000
5863.3511,0.0000000
5864.2313,0.0000000
5865.1115,0.0000000
5865.9919,0.0000000
5866.8724,0.0000000
5867.7530,0.0000000
5868.6338,0.0000000
5869.5147,0.0000000
5870.3957,0.0000000
5871.2769,0.0000000
5872.1582,0.0000000
5873.0396,0.0000000
5873.9212,0.0000000
5874.8029,0.0000000
5875.6847,0.0000000
5876.5667,0.0000000
5877.4488,0.0000000
5878.3310,0.0000000
5879.2134,0.0000000
5880.0959,0.0000000
5880.9785,0.0000000
5881.8613,0.0000000
5882.7441,0.0000000
5883.6272,0.0000000
5884.5103,0.0000000
5885.3936,0.0000000
5886.2770,0.0000000
5887.1606,0.0000000
5888.0443,0.0000000
5888.9281,0.0000000
5889.8120,0.0000000
5890.6961,0.0000000
5891.5803,0.0000000
5892.4647,0.0000000
5893.3492,0.0000000
5894.2338,0.0000000
5895.1185,0.0000000
5896.0034,0.0000000
5896.8884,0.0000000
5897.7736,0.0000000
5898.6588,0.0000000
5899.5443,0.0000000
5900.4298,0.0000000
5901.3155,0.0000000
5902.2013,0.0000000
5903.0872,0.0000000
5903.9733,0.0000000
5904.8595,0.0000000
5905.7459,0.0000000
5906.6323,0.0000000
5907.5189,0.0000000
5908.4057,0.0000000
5909.2926,0.0000000
5910.1796,0.0000000
5911.0667,0.0000000
5911.9540,0.0000000
5912.8414,0.0000000
5913.7289,0.0000000
5914.6166,0.0000000
5915.5044,0.0000000
5916.3923,0.0000000
5917.2804,0.0000000
5918.1686,0.0000000
5919.0570,0.0000000
5919.9454,0.0000000
5920.8340,0.0000000
5921.7228,0.0000000
5922.6117,0.0000000
5923.5007,0.0000000
5924.3898,0.0000000
5925.2791,0.0000000
5926.1685,0.0000000
5927.0580,0.0000000
5927.9477,0.0000000
5928.8375,0.0000000
5929.7274,0.0000000
5930.6175,0.0000000
5931.5077,0.0000000
5932.3981,0.0000000
5933.2885,0.0000000
5934.1792,0.0000000
5935.0699,0.0000000
5935.9608,0.0000000
5936.8518,0.0000000
5937.7429,0.0000000
5938.6342,0.0000000
5939.5256,0.0000000
5940.4172,0.0000000
5941.3088,0.0000000
5942.2007,0.0000000
5943.0926,0.0000000
5943.9847,0.0000000
5944.8769,0.0000000
5945.7693,0.0000000
5946.6617,0.0000000
5947.5544,0.0000000
5948.4471,0.0000000
5949.3400,0.0000000
5950.2330,0.0000000
5951.1262,0.0000000
5952.0194,0.0000000
5952.9129,0.0000000
5953.8064,0.0000000
5954.7001,0.0000000
5955.5939,0.0000000
5956.4879,0.0000000
5957.3820,0.0000000
5958.2762,0.0000000
5959.1706,0.0000000
5960.0651,0.0000000
5960.9597,0.0000000
5961.8545,0.0000000
5962.7494,0.0000000
5963.6444,0.0000000
5964.5396,0.0000000
5965.4349,0.0000000
5966.3303,0.0000000
5967.2259,0.0000000
5968.1216,0.0000000
5969.0174,0.0000000
5969.9134,0.0000000
5970.8095,0.0000000
5971.7057,0.0000000
5972.6021,0.0000000
5973.4986,0.0000000
5974.3953,0.0000000
5975.2920,0.0000000
5976.1889,0.0000000
5977.0860,0.0000000
5977.9832,0.0000000
5978.8805,0.0000000
5979.7779,0.0000000
5980.6755,0.0000000
5981.5733,0.0000000
5982.4711,0.0000000
5983.3691,0.0000000
5984.2672,0.0000000
5985.1655,0.0000000
5986.0639,0.0000000
5986.9624,0.0000000
5987.8611,0.0000000
5988.7599,0.0000000
5989.6588,0.0000000
5990.5579,0.0000000
5991.4571,0.0000000
5992.3564,0.0000000
5993.2559,0.0000000
5994.1555,0.0000000
5995.0553,0.0000000
5995.9552,0.0000000
5996.8552,0.0000000
5997.7553,0.0000000
5998.6556,0.0000000
5999.5560,0.0000000
6000.4566,0.0000000
6001.3573,0.0000000
6002.2581,0.0000000
6003.1591,0.0000000
6004.0602,0.0000000
6004.9614,0.0000000
6005.8628,0.0000000
6006.7643,0.0000000
6007.6659,0.0000000
6008.5677,0.0000000
6009.4696,0.0000000
6010.3716,0.0000000
6011.2738,0.0000000
6012.1761,0.0000000
6013.0786,0.0000000
6013.9812,0.0000000
6014.8839,0.0000000
6015.7867,0.0000000
6016.6897,0.0000000
6017.5929,0.0000000
6018.4961,0.0000000
6019.3995,0.0000000
6020.3031,0.0000000
6021.2067,0.0000000
6022.1105,0.0000000
6023.0145,0.0000000
6023.9186,0.0000000
6024.8228,0.0000000
6025.7271,0.0000000
6026.6316,0.0000000
6027.5362,0.0000000
6028.4410,0.0000000
6029.3459,0.0000000
6030.2509,0.0000000
6031.1561,0.0000000
6032.0614,0.0000000
6032.9668,0.0000000
6033.8724,0.0000000
6034.7781,0.0000000
6035.6839,0.0000000
6036.5899,0.0000000
6037.4960,0.0000000
6038.4023,0.0000000
6039.3087,0.0000000
6040.2152,0.0000000
6041.1218,0.0000000
6042.0286,0.0000000
6042.9356,0.0000000
6043.8426,0.0000000
6044.7498,0.0000000
6045.6572,0.0000000
6046.5647,0.0000000
6047.4723,0.0000000
6048.3800,0.0000000
6049.2879,0.0000000
6050.1959,0.0000000
6051.1041,0.0000000
6052.0124,0.0000000
6052.9208,0.0000000
6053.8294,0.0000000
6054.7381,0.0000000
6055.6469,0.0000000
6056.5559,0.0000000
6057.4650,0.0000000
6058.3743,0.0000000
6059.2836,0.0000000
6060.1932,0.0000000
6061.1028,0.0000000
6062.0126,0.0000000
6062.9225,0.0000000
6063.8326,0.0000000
6064.7428,0.0000000
6065.6532,0.0000000
6066.5636,0.0000000
6067.4743,0.0000000
6068.3850,0.0000000
6069.2959,0.0000000
6070.2069,0.0000000
6071.1181,0.0000000
6072.0294,0.0000000
6072.9408,0.0000000
6073.8524,0.0000000
6074.7641,0.0000000
6075.6759,0.0000000
6076.5879,0.0000000
6077.5000,0.0000000
6078.4123,0.0000000
6079.3247,0.0000000
6080.2372,0.0000000
6081.1499,0.0000000
6082.0627,0.0000000
6082.9756,0.0000000
6083.8887,0.0000000
6084.8019,0.0000000
6085.7153,0.0000000
6086.6288,0.0000000
6087.5424,0.0000000
6088.4562,0.0000000
6089.3701,0.0000000
6090.2841,0.0000000
6091.1983,0.0000000
6092.1126,0.0000000
6093.0270,0.0000000
6093.9416,0.0000000
6094.8563,0.0000000
6095.7712,0.0000000
6096.6862,0.0000000
6097.6013,0.0000000
6098.5166,0.0000000
6099.4320,0.0000000
6100.3476,0.0000000
6101.2633,0.0000000
6102.1791,0.0000000
6103.0950,0.0000000
6104.0111,0.0000000
6104.9274,0.0000000
6105.8437,0.0000000
6106.7603,0.0000000
6107.6769,0.0000000
6108.5937,0.0000000
6109.5106,0.0000000
6110.4277,0.0000000
6111.3449,0.0000000
6112.2622,0.0000000
6113.1797,0.0000000
6114.0973,0.0000000
6115.0150,0.0000000
6115.9329,0.0000000
6116.8510,0.0000000
6117.7691,0.0000000
6118.6874,0.0000000
6119.6059,0.0000000
6120.5244,0.0000000
6121.4431,0.0000000
6122.3620,0.0000000
6123.2810,0.0000000
6124.2001,0.0000000
6125.1194,0.0000000
6126.0388,0.0000000
6126.9583,0.0000000
6127.8780,0.0000000
6128.7978,0.0000000
6129.7178,0.0000000
6130.6379,0.0000000
6131.5581,0.0000000
6132.4785,0.0000000
6133.3990,0.0000000
6134.3196,0.0000000
6135.2404,0.0000000
6136.1613,0.0000000
6137.0824,0.0000000
6138.0036,0.0000000
6138.9249,0.0000000
6139.8464,0.0000000
6140.7680,0.0000000
6141.6898,0.0000000
6142.6117,0.0000000
6143.5337,0.0000000
6144.4559,0.0000000
6145.3782,0.0000000
6146.3006,0.0000000
6147.2232,0.0000000
6148.1459,0.0000000
6149.0688,0.0000000
6149.9918,0.0000000
6150.9149,0.0000000
6151.8382,0.0000000
6152.7616,0.0000000
6153.6852,0.0000000
6154.6089,0.0000000
6155.5327,0.0000000
6156.4567,0.0000000
6157.3808,0.0000000
6158.3050,0.0000000
6159.2294,0.0000000
6160.1539,0.0000000
6161.0786,0.0000000
6162.0034,0.0000000
6162.9283,0.0000000
6163.8534,0.0000000
6164.7786,0.0000000
6165.7040,0.0000000
6166.6295,0.0000000
6167.5551,0.0000000
6168.4809,0.0000000
6169.4068,0.0000000
6170.3329,0.0000000
6171.2590,0.0000000
6172.1854,0.0000000
6173.1118,0.0000000
6174.0385,0.0000000
6174.9652,0.0000000
6175.8921,0.0000000
6176.8191,0.0000000
6177.7463,0.0000000
6178.6736,0.0000000
6179.6010,0.0000000
6180.5286,0.0000000
6181.4563,0.0000000
6182.3842,0.0000000
6183.3122,0.0000000
6184.2403,0.0000000
6185.1686,0.0000000
6186.0970,0.0000000
6187.0256,0.0000000
6187.9543,0.0000000
6188.8831,0.0000000
6189.8121,0.0000000
6190.7412,0.0000000
6191.6705,0.0000000
6192.5998,0.0000000
6193.5294,0.0000000
6194.4590,0.0000000
6195.3889,0.0000000
6196.3188,0.0000000
6197.2489,0.0000000
6198.1791,0.0000000
6199.1095,0.0000000
6200.0400,0.0000000
6200.9707,0.0000000
6201.9015,0.0000000
6202.8324,0.0000000
6203.7635,0.0000000
6204.6947,0.0000000
6205.6260,0.0000000
6206.5575,0.0000000
6207.4891,0.0000000
6208.4209,0.0000000
6209.3528,0.0000000
6210.2849,0.0000000
6211.2170,0.0000000
6212.1494,0.0000000
6213.0818,0.0000000
6214.0144,0.0000000
6214.9472,0.0000000
6215.8801,0.0000000
6216.8131,0.0000000
6217.7463,0.0000000
6218.6796,0.0000000
6219.6130,0.0000000
6220.5466,0.0000000
6221.4803,0.0000000
6222.4142,0.0000000
6223.3482,0.0000000
6224.2824,0.0000000
6225.2167,0.0000000
6226.1511,0.0000000
6227.0857,0.0000000
6228.0204,0.0000000
6228.9552,0.0000000
6229.8902,0.0000000
6230.8253,0.0000000
6231.7606,0.0000000
6232.6960,0.0000000
6233.6316,0.0000000
6234.5673,0.0000000
6235.5031,0.0000000
6236.4391,0.0000000
6237.3752,0.0000000
6238.3114,0.0000000
6239.2478,0.0000000
6240.1844,0.0000000
6241.1210,0.0000000
6242.0579,0.0000000
6242.9948,0.0000000
6243.9319,0.0000000
6244.8691,0.0000000
6245.8065,0.0000000
6246.7440,0.0000000
6247.6817,0.0000000
6248.6195,0.0000000
6249.5574,0.0000000
6250.4955,0.0000000
6251.4338,0.0000000
6252.3721,0.0000000
6253.3106,0.0000000
6254.2493,0.0000000
6255.1881,0.0000000
6256.1270,0.0000000
6257.0661,0.0000000
6258.0053,0.0000000
6258.9446,0.0000000
6259.8841,0.0000000
6260.8237,0.0000000
6261.7635,0.0000000
6262.7034,0.0000000
6263.6435,0.0000000
6264.5837,0.0000000
6265.5240,0.0000000
6266.4645,0.0000000
6267.4051,0.0000000
6268.3459,0.0000000
6269.2868,0.0000000
6270.2278,0.0000000
6271.1690,0.0000000
6272.1103,0.0000000
6273.0518,0.0000000
6273.9934,0.0000000
6274.9352,0.0000000
6275.8771,0.0000000
6276.8191,0.0000000
6277.7613,0.0000000
6278.7036,0.0000000
6279.6460,0.0000000
6280.5886,0.0000000
6281.5314,0.0000000
6282.4743,0.0000000
6283.4173,0.0000000
6284.3604,0.0000000
6285.3038,0.0000000
6286.2472,0.0000000
6287.1908,0.0000000
6288.1345,0.0000000
6289.0784,0.0000000
6290.0224,0.0000000
6290.9666,0.0000000
6291.9109,0.0000000
6292.8553,0.0000000
6293.7999,0.0000000
6294.7446,0.0000000
6295.6895,0.0000000
6296.6345,0.0000000
6297.5796,0.0000000
6298.5249,0.0000000
6299.4704,0.0000000
6300.4159,0.0000000
6301.3616,0.0000000
6302.3075,0.0000000
6303.2535,0.0000000
6304.1997,0.0000000
6305.1459,0.0000000
6306.0924,0.0000000
6307.0389,0.0000000
6307.9856,0.0000000
6308.9325,0.0000000
6309.8795,0.0000000
6310.8266,0.0000000
6311.7739,0.0000000
6312.7213,0.0000000
6313.6689,0.0000000
6314.6166,0.0000000
6315.5644,0.0000000
6316.5124,0.0000000
6317.4606,0.0000000
6318.4088,0.0000000
6319.3573,0.0000000
6320.3058,0.0000000
6321.2545,0.0000000
6322.2034,0.0000000
6323.1524,0.0000000
6324.1015,0.0000000
6325.0508,0.0000000
6326.0002,0.0000000
6326.9497,0.0000000
6327.8994,0.0000000
6328.8493,0.0000000
6329.7993,0.0000000
6330.7494,0.0000000
6331.6996,0.0000000
6332.6501,0.0000000
6333.6006,0.0000000
6334.5513,0.0000000
6335.5022,0.0000000
6336.4531,0.0000000
6337.4043,0.0000000
6338.3555,0.0000000
6339.3069,0.0000000
6340.2585,0.0000000
6341.2102,0.0000000
6342.1620,0.0000000
6343.1140,0.0000000
6344.0661,0.0000000
6345.0184,0.0000000
6345.9708,0.0000000
6346.9234,0.0000000
6347.8761,0.0000000
6348.8289,0.0000000
6349.7819,0.0000000
6350.7350,0.0000000
6351.6883,0.0000000
6352.6417,0.0000000
6353.5953,0.0000000
6354.5490,0.0000000
6355.5028,0.0000000
6356.4568,0.0000000
6357.4109,0.0000000
6358.3652,0.0000000
6359.3196,0.0000000
6360.2742,0.0000000
6361.2289,0.0000000
6362.1837,0.0000000
6363.1387,0.0000000
6364.0938,0.0000000
6365.0491,0.0000000
6366.0045,0.0000000
6366.9601,0.0000000
6367.9158,0.0000000
6368.8716,0.0000000
6369.8276,0.0000000
6370.7838,0.0000000
6371.7400,0.0000000
6372.6965,0.0000000
6373.6530,0.0000000
6374.6097,0.0000000
6375.5666,0.0000000
6376.5236,0.0000000
6377.4807,0.0000000
6378.4380,0.0000000
6379.3955,0.0000000
6380.3530,0.0000000
6381.3107,0.0000000
6382.2686,0.0000000
6383.2266,0.0000000
6384.1847,0.0000000
6385.1430,0.0000000
6386.1015,0.0000000
6387.0601,0.0000000
6388.0188,0.0000000
6388.9776,0.0000000
6389.9367,0.0000000
6390.8958,0.0000000
6391.8551,0.0000000
6392.8145,0.0000000
6393.7741,0.0000000
6394.7339,0.0000000
6395.6937,0.0000000
6396.6538,0.0000000
6397.6139,0.0000000
6398.5742,0.0000000
6399.5347,0.0000000
6400.4953,0.0000000
6401.4560,0.0000000
6402.4169,0.0000000
6403.3779,0.0000000
6404.3391,0.0000000
6405.3004,0.0000000
6406.2619,0.0000000
6407.2235,0.0000000
6408.1852,0.0000000
6409.1471,0.0000000
6410.1091,0.0000000
6411.0713,0.0000000
6412.0337,0.0000000
6412.9961,0.0000000
6413.9587,0.0000000
6414.9215,0.0000000
6415.8844,0.0000000
6416.8475,0.0000000
6417.8106,0.0000000
6418.7740,0.0000000
6419.7375,0.0000000
6420.7011,0.0000000
6421.6649,0.0000000
6422.6288,0.0000000
6423.5928,0.0000000
6424.5571,0.0000000
6425.5214,0.0000000
6426.4859,0.0000000
6427.4505,0.0000000
6428.4153,0.0000000
6429.3803,0.0000000
6430.3453,0.0000000
6431.3105,0.0000000
6432.2759,0.0000000
6433.2414,0.0000000
6434.2071,0.0000000
6435.1729,0.0000000
6436.1388,0.0000000
6437.1049,0.0000000
6438.0711,0.0000000
6439.0375,0.0000000
6440.0040,0.0000000
6440.9707,0.0000000
6441.9375,0.0000000
6442.9045,0.0000000
6443.8716,0.0000000
6444.8388,0.0000000
6445.8062,0.0000000
6446.7738,0.0000000
6447.7415,0.0000000
6448.7093,0.0000000
6449.6773,0.0000000
6450.6454,0.0000000
6451.6137,0.0000000
6452.5821,0.0000000
6453.5506,0.0000000
6454.5193,0.0000000
6455.4882,0.0000000
6456.4572,0.0000000
6457.4263,0.0000000
6458.3956,0.0000000
6459.3650,0.0000000
6460.3346,0.0000000
6461.3043,0.0000000
6462.2742,0.0000000
6463.2442,0.0000000
6464.2144,0.0000000
6465.1847,0.0000000
6466.1551,0.0000000
6467.1257,0.0000000
6468.0964,0.0000000
6469.0673,0.0000000
6470.0384,0.0000000
6471.0095,0.0000000
6471.9809,0.0000000
6472.9523,0.0000000
6473.9240,0.0000000
6474.8957,0.0000000
6475.8676,0.0000000
6476.8397,0.0000000
6477.8119,0.0000000
6478.7842,0.0000000
6479.7567,0.0000000
6480.7293,0.0000000
6481.7021,0.0000000
6482.6751,0.0000000
6483.6481,0.0000000
6484.6213,0.0000000
6485.5947,0.0000000
6486.5682,0.0000000
6487.5419,0.0000000
6488.5157,0.0000000
6489.4896,0.0000000
6490.4637,0.0000000
6491.4380,0.0000000
6492.4124,0.0000000
6493.3869,0.0000000
6494.3616,0.0000000
6495.3364,0.0000000
6496.3114,0.0000000
6497.2865,0.0000000
6498.2618,0.0000000
6499.2372,0.0000000
6500.2128,0.0000000
6501.1885,0.0000000
6502.1643,0.0000000
6503.1403,0.0000000
6504.1165,0.0000000
6505.0928,0.0000000
6506.0692,0.0000000
6507.0458,0.0000000
6508.0225,0.0000000
6508.9994,0.0000000
6509.9764,0.0000000
6510.9536,0.0000000
6511.9309,0.0000000
6512.9084,0.0000000
6513.8860,0.0000000
6514.8638,0.0000000
6515.8417,0.0000000
6516.8197,0.0000000
6517.7979,0.0000000
6518.7763,0.0000000
6519.7547,0.0000000
6520.7334,0.0000000
6521.7122,0.0000000
6522.6911,0.0000000
6523.6702,0.0000000
6524.6494,0.0000000
6525.6288,0.0000000
6526.6083,0.0000000
6527.5880,0.0000000
6528.5678,0.0000000
6529.5478,0.0000000
6530.5279,0.0000000
6531.5081,0.0000000
6532.4885,0.0000000
6533.4691,0.0000000
6534.4498,0.0000000
6535.4306,0.0000000
6536.4116,0.0000000
6537.3928,0.0000000
6538.3741,0.0000000
6539.3555,0.0000000
6540.3371,0.0000000
6541.3188,0.0000000
6542.3007,0.0000000
6543.2827,0.0000000
6544.2649,0.0000000
6545.2472,0.0000000
6546.2297,0.0000000
6547.2123,0.0000000
6548.1950,0.0000000
6549.1779,0.0000000
6550.1610,0.0000000
6551.1442,0.0000000
6552.1276,0.0000000
6553.1111,0.0000000
6554.0947,0.0000000
6555.0785,0.0000000
6556.0624,0.0000000
6557.0465,0.0000000
6558.0308,0.0000000
6559.0152,0.0000000
6559.9997,0.0000000
6560.9844,0.0000000
6561.9692,0.0000000
6562.9542,0.0000000
6563.9393,0.0000000
6564.9246,0.0000000
6565.9100,0.0000000
6566.8956,0.0000000
6567.8813,0.0000000
6568.8671,0.0000000
6569.8532,0.0000000
6570.8393,0.0000000
6571.8256,0.0000000
6572.8121,0.0000000
6573.7987,0.0000000
6574.7854,0.0000000
6575.7723,0.0000000
6576.7594,0.0000000
6577.7466,0.0000000
6578.7339,0.0000000
6579.7214,0.0000000
6580.7091,0.0000000
6581.6969,0.0000000
6582.6848,0.0000000
6583.6729,0.0000000
6584.6611,0.0000000
6585.6495,0.0000000
6586.6380,0.0000000
6587.6267,0.0000000
6588.6155,0.0000000
6589.6045,0.0000000
6590.5936,0.0000000
6591.5829,0.0000000
6592.5723,0.0000000
6593.5619,0.0000000
6594.5516,0.0000000
6595.5415,0.0000000
6596.5315,0.0000000
6597.5217,0.0000000
6598.5120,0.0000000
6599.5024,0.0000000
6600.4931,0.0000000
6601.4838,0.0000000
6602.4747,0.0000000
6603.4658,0.0000000
6604.4570,0.0000000
6605.4483,0.0000000
6606.4398,0.0000000
6607.4315,0.0000000
6608.4233,0.0000000
6609.4152,0.0000000
6610.4073,0.0000000
6611.3996,0.0000000
6612.3920,0.0000000
6613.3845,0.0000000
6614.3772,0.0000000
6615.3701,0.0000000
6616.3631,0.0000000
6617.3562,0.0000000
6618.3495,0.0000000
6619.3429,0.0000000
6620.3365,0.0000000
6621.3303,0.0000000
6622.3241,0.0000000
6623.3182,0.0000000
6624.3124,0.0000000
6625.3067,0.0000000
6626.3012,0.0000000
6627.2958,0.0000000
6628.2906,0.0000000
6629.2855,0.0000000
6630.2806,0.0000000
6631.2758,0.0000000
6632.2712,0.0000000
6633.2668,0.0000000
6634.2624,0.0000000
6635.2583,0.0000000
6636.2542,0.0000000
6637.2504,0.0000000
6638.2466,0.0000000
6639.2431,0.0000000
6640.2396,0.0000000
6641.2364,0.0000000
6642.2332,0.0000000
6643.2303,0.0000000
6644.2274,0.0000000
6645.2248,0.0000000
6646.2222,0.0000000
6647.2199,0.0000000
6648.2176,0.0000000
6649.2156,0.0000000
6650.2136,0.0000000
6651.2119,0.0000000
6652.2102,0.0000000
6653.2088,0.0000000
6654.2074,0.0000000
6655.2063,0.0000000
6656.2052,0.0000000
6657.2043,0.0000000
6658.2036,0.0000000
6659.2030,0.0000000
6660.2026,0.0000000
6661.2023,0.0000000
6662.2022,0.0000000
6663.2022,0.0000000
6664.2024,0.0000000
6665.2027,0.0000000
6666.2032,0.0000000
6667.2038,0.0000000
6668.2046,0.0000000
6669.2055,0.0000000
6670.2066,0.0000000
6671.2078,0.0000000
6672.2092,0.0000000
6673.2107,0.0000000
6674.2124,0.0000000
6675.2142,0.0000000
6676.2162,0.0000000
6677.2183,0.0000000
6678.2206,0.0000000
6679.2230,0.0000000
6680.2256,0.0000000
6681.2283,0.0000000
6682.2312,0.0000000
6683.2342,0.0000000
6684.2374,0.0000000
6685.2407,0.0000000
6686.2442,0.0000000
6687.2478,0.0000000
6688.2516,0.0000000
6689.2556,0.0000000
6690.2596,0.0000000
6691.2639,0.0000000
6692.2683,0.0000000
6693.2728,0.0000000
6694.2775,0.0000000
6695.2823,0.0000000
6696.2873,0.0000000
6697.2924,0.0000000
6698.2977,0.0000000
6699.3032,0.0000000
6700.3088,0.0000000
6701.3145,0.0000000
6702.3204,0.0000000
6703.3264,0.0000000
6704.3326,0.0000000
6705.3390,0.0000000
6706.3455,0.0000000
6707.3521,0.0000000
6708.3589,0.0000000
6709.3659,0.0000000
6710.3730,0.0000000
6711.3802,0.0000000
6712.3876,0.0000000
6713.3952,0.0000000
6714.4029,0.0000000
6715.4108,0.0000000
6716.4188,0.0000000
6717.4269,0.0000000
6718.4352,0.0000000
6719.4437,0.0000000
6720.4523,0.0000000
6721.4611,0.0000000
6722.4700,0.0000000
6723.4791,0.0000000
6724.4883,0.0000000
6725.4977,0.0000000
6726.5072,0.0000000
6727.5169,0.0000000
6728.5267,0.0000000
6729.5367,0.0000000
6730.5468,0.0000000
6731.5571,0.0000000
6732.5675,0.0000000
6733.5781,0.0000000
6734.5888,0.0000000
6735.5997,0.0000000
6736.6107,0.0000000
6737.6219,0.0000000
6738.6333,0.0000000
6739.6448,0.0000000
6740.6564,0.0000000
6741.6682,0.0000000
6742.6802,0.0000000
6743.6923,0.0000000
6744.7045,0.0000000
6745.7169,0.0000000
6746.7295,0.0000000
6747.7422,0.0000000
6748.7551,0.0000000
6749.7681,0.0000000
6750.7812,0.0000000
6751.7946,0.0000000
6752.8080,0.0000000
6753.8217,0.0000000
6754.8354,0.0000000
6755.8494,0.0000000
6756.8634,0.0000000
6757.8777,0.0000000
6758.8921,0.0000000
6759.9066,0.0000000
6760.9213,0.0000000
6761.9361,0.0000000
6762.9511,0.0000000
6763.9663,0.0000000
6764.9815,0.0000000
6765.9970,0.0000000
6767.0126,0.0000000
6768.0284,0.0000000
6769.0443,0.0000000
6770.0603,0.0000000
6771.0765,0.0000000
6772.0929,0.0000000
6773.1094,0.0000000
6774.1261,0.0000000
6775.1429,0.0000000
6776.1599,0.0000000
6777.1770,0.0000000
6778.1943,0.0000000
6779.2117,0.0000000
6780.2293,0.0000000
6781.2470,0.0000000
6782.2649,0.0000000
6783.2830,0.0000000
6784.3012,0.0000000
6785.3195,0.0000000
6786.3380,0.0000000
6787.3567,0.0000000
6788.3755,0.0000000
6789.3945,0.0000000
6790.4136,0.0000000
6791.4328,0.0000000
6792.4523,0.0000000
6793.4718,0.0000000
6794.4916,0.0000000
6795.5114,0.0000000
6796.5315,0.0000000
6797.5517,0.0000000
6798.5720,0.0000000
6799.5925,0.0000000
6800.6131,0.0000000
6801.6339,0.0000000
6802.6549,0.0000000
6803.6760,0.0000000
6804.6972,0.0000000
6805.7187,0.0000000
6806.7402,0.0000000
6807.7619,0.0000000
6808.7838,0.0000000
6809.8058,0.0000000
6810.8280,0.0000000
6811.8503,0.0000000
6812.8728,0.0000000
6813.8955,0.0000000
6814.9183,0.0000000
6815.9412,0.0000000
6816.9643,0.0000000
6817.9876,0.0000000
6819.0110,0.0000000
6820.0345,0.0000000
6821.0582,0.0000000
6822.0821,0.0000000
6823.1061,0.0000000
6824.1303,0.0000000
6825.1546,0.0000000
6826.1791,0.0000000
6827.2037,0.0000000
6828.2285,0.0000000
6829.2535,0.0000000
6830.2786,0.0000000
6831.3038,0.0000000
6832.3292,0.0000000
6833.3548,0.0000000
6834.3805,0.0000000
6835.4064,0.0000000
6836.4324,0.0000000
6837.4586,0.0000000
6838.4849,0.0000000
6839.5114,0.0000000
6840.5380,0.0000000
6841.5648,0.0000000
6842.5917,0.0000000
6843.6188,0.0000000
6844.6461,0.0000000
6845.6735,0.0000000
6846.7011,0.0000000
6847.7288,0.0000000
6848.7567,0.0000000
6849.7847,0.0000000
6850.8129,0.0000000
6851.8412,0.0000000
6852.8697,0.0000000
6853.8983,0.0000000
6854.9271,0.0000000
6855.9561,0.0000000
6856.9852,0.0000000
6858.0144,0.0000000
6859.0438,0.0000000
6860.0734,0.0000000
6861.1031,0.0000000
6862.1330,0.0000000
6863.1631,0.0000000
6864.1932,0.0000000
6865.2236,0.0000000
6866.2541,0.0000000
6867.2847,0.0000000
6868.3155,0.0000000
6869.3465,0.0000000
6870.3776,0.0000000
6871.4089,0.0000000
6872.4403,0.0000000
6873.4719,0.0000000
6874.5036,0.0000000
6875.5355,0.0000000
6876.5676,0.0000000
6877.5998,0.0000000
6878.6321,0.0000000
6879.6646,0.0000000
6880.6973,0.0000000
6881.7301,0.0000000
6882.7631,0.0000000
6883.7962,0.0000000
6884.8295,0.0000000
6885.8629,0.0000000
6886.8965,0.0000000
6887.9303,0.0000000
6888.9642,0.0000000
6889.9982,0.0000000
6891.0325,0.0000000
6892.0668,0.0000000
6893.1013,0.0000000
6894.1360,0.0000000
6895.1709,0.0000000
6896.2059,0.0000000
6897.2410,0.0000000
6898.2763,0.0000000
6899.3118,0.0000000
6900.3474,0.0000000
6901.3831,0.0000000
6902.4191,0.0000000
6903.4551,0.0000000
6904.4914,0.0000000
6905.5278,0.0000000
6906.5643,0.0000000
6907.6010,0.0000000
6908.6379,0.0000000
6909.6749,0.0000000
6910.7121,0.0000000
6911.7494,0.0000000
6912.7869,0.0000000
6913.8245,0.0000000
6914.8623,0.0000000
6915.9002,0.0000000
6916.9383,0.0000000
6917.9766,0.0000000
6919.0150,0.0000000
6920.0536,0.0000000
6921.0923,0.0000000
6922.1312,0.0000000
6923.1702,0.0000000
6924.2094,0.0000000
6925.2488,0.0000000
6926.2883,0.0000000
6927.3280,0.0000000
6928.3678,0.0000000
6929.4077,0.0000000
6930.4479,0.0000000
6931.4882,0.0000000
6932.5286,0.0000000
6933.5692,0.0000000
6934.6100,0.0000000
6935.6509,0.0000000
6936.6919,0.0000000
6937.7332,0.0000000
6938.7745,0.0000000
6939.8161,0.0000000
6940.8578,0.0000000
6941.8996,0.0000000
6942.9416,0.0000000
6943.9838,0.0000000
6945.0261,0.0000000
6946.0686,0.0000000
6947.1112,0.0000000
6948.1540,0.0000000
6949.1969,0.0000000
6950.2400,0.0000000
6951.2833,0.0000000
6952.3267,0.0000000
6953.3703,0.0000000
6954.4140,0.0000000
6955.4579,0.0000000
6956.5019,0.0000000
6957.5461,0.0000000
6958.5905,0.0000000
6959.6350,0.0000000
6960.6797,0.0000000
6961.7245,0.0000000
6962.7695,0.0000000
6963.8146,0.0000000
6964.8599,0.0000000
6965.9054,0.0000000
6966.9510,0.0000000
6967.9967,0.0000000
6969.0427,0.0000000
6970.0887,0.0000000
6971.1350,0.0000000
6972.1814,0.0000000
6973.2279,0.0000000
6974.2746,0.0000000
6975.3215,0.0000000
6976.3685,0.0000000
6977.4157,0.0000000
6978.4630,0.0000000
6979.5105,0.0000000
6980.5582,0.0000000
6981.6060,0.0000000
6982.6540,0.0000000
6983.7021,0.0000000
6984.7504,0.0000000
6985.7988,0.0000000
6986.8474,0.0000000
6987.8962,0.0000000
6988.9451,0.0000000
6989.9941,0.0000000
6991.0434,0.0000000
6992.0927,0.0000000
6993.1423,0.0000000
6994.1920,0.0000000
6995.2418,0.0000000
6996.2918,0.0000000
6997.3420,0.0000000
6998.3923,0.0000000
6999.4428,0.0000000
7000.4935,0.0000000
7001.5443,0.0000000
7002.5952,0.0000000
7003.6463,0.0000000
7004.6976,0.0000000
7005.7491,0.0000000
7006.8006,0.0000000
7007.8524,0.0000000
7008.9043,0.0000000
7009.9564,0.0000000
7011.0086,0.0000000
7012.0610,0.0000000
7013.1135,0.0000000
7014.1662,0.0000000
7015.2190,0.0000000
7016.2721,0.0000000
7017.3252,0.0000000
7018.3786,0.0000000
7019.4320,0.0000000
7020.4857,0.0000000
7021.5395,0.0000000
7022.5934,0.0000000
7023.6476,0.0000000
7024.7018,0.0000000
7025.7563,0.0000000
7026.8109,0.0000000
7027.8656,0.0000000
7028.9205,0.0000000
7029.9756,0.0000000
7031.0308,0.0000000
7032.0862,0.0000000
7033.1417,0.0000000
7034.1975,0.0000000
7035.2533,0.0000000
7036.3093,0.0000000
7037.3655,0.0000000
7038.4218,0.0000000
7039.4783,0.0000000
7040.5350,0.0000000
7041.5918,0.0000000
7042.6488,0.0000000
7043.7059,0.0000000
7044.7632,0.0000000
7045.8206,0.0000000
7046.8782,0.0000000
7047.9360,0.0000000
7048.9939,0.0000000
7050.0520,0.0000000
7051.1102,0.0000000
7052.1686,0.0000000
7053.2272,0.0000000
7054.2859,0.0000000
7055.3448,0.0000000
7056.4038,0.0000000
7057.4630,0.0000000
7058.5224,0.0000000
7059.5819,0.0000000
7060.6416,0.0000000
7061.7014,0.0000000
7062.7614,0.0000000
7063.8215,0.0000000
7064.8818,0.0000000
7065.9423,0.0000000
7067.0029,0.0000000
7068.0637,0.0000000
7069.1246,0.0000000
7070.1857,0.0000000
7071.2470,0.0000000
7072.3084,0.0000000
7073.3700,0.0000000
7074.4318,0.0000000
7075.4937,0.0000000
7076.5557,0.0000000
7077.6179,0.0000000
7078.6803,0.0000000
7079.7428,0.0000000
7080.8055,0.0000000
7081.8684,0.0000000
7082.9314,0.0000000
7083.9946,0.0000000
7085.0579,0.0000000
7086.1214,0.0000000
7087.1851,0.0000000
7088.2489,0.0000000
7089.3129,0.0000000
7090.3770,0.0000000
7091.4413,0.0000000
7092.5057,0.0000000
7093.5703,0.0000000
7094.6351,0.0000000
7095.7001,0.0000000
7096.7651,0.0000000
7097.8304,0.0000000
7098.8958,0.0000000
7099.9614,0.0000000
7101.0271,0.0000000
7102.0930,0.0000000
7103.1591,0.0000000
7104.2253,0.0000000
7105.2916,0.0000000
7106.3582,0.0000000
7107.4249,0.0000000
7108.4917,0.0000000
7109.5587,0.0000000
7110.6259,0.0000000
7111.6932,0.0000000
7112.7607,0.0000000
7113.8284,0.0000000
7114.8962,0.0000000
7115.9642,0.0000000
7117.0323,0.0000000
7118.1006,0.0000000
7119.1690,0.0000000
7120.2377,0.0000000
7121.3064,0.0000000
7122.3754,0.0000000
7123.4445,0.0000000
7124.5137,0.0000000
7125.5831,0.0000000
7126.6527,0.0000000
7127.7225,0.0000000
7128.7923,0.0000000
7129.8624,0.0000000
7130.9326,0.0000000
7132.0030,0.0000000
7133.0735,0.0000000
7134.1443,0.0000000
7135.2151,0.0000000
7136.2861,0.0000000
7137.3573,0.0000000
7138.4287,0.0000000
7139.5002,0.0000000
7140.5718,0.0000000
7141.6437,0.0000000
7142.7157,0.0000000
7143.7878,0.0000000
7144.8601,0.0000000
7145.9326,0.0000000
7147.0052,0.0000000
7148.0780,0.0000000
7149.1510,0.0000000
7150.2241,0.0000000
7151.2974,0.0000000
7152.3708,0.0000000
7153.4444,0.0000000
7154.5181,0.0000000
7155.5921,0.0000000
7156.6662,0.0000000
7157.7404,0.0000000
7158.8148,0.0000000
7159.8894,0.0000000
7160.9641,0.0000000
7162.0390,0.0000000
7163.1140,0.0000000
7164.1892,0.0000000
7165.2646,0.0000000
7166.3401,0.0000000
7167.4158,0.0000000
7168.4917,0.0000000
7169.5677,0.0000000
7170.6439,0.0000000
7171.7202,0.0000000
7172.7967,0.0000000
7173.8734,0.0000000
7174.9502,0.0000000
7176.0272,0.0000000
7177.1044,0.0000000
7178.1817,0.0000000
7179.2592,0.0000000
7180.3368,0.0000000
7181.4146,0.0000000
7182.4925,0.0000000
7183.5707,0.0000000
7184.6489,0.0000000
7185.7274,0.0000000
7186.8060,0.0000000
7187.8848,0.0000000
7188.9637,0.0000000
7190.0428,0.0000000
7191.1220,0.0000000
7192.2014,0.0000000
7193.2810,0.0000000
7194.3608,0.0000000
7195.4407,0.0000000
7196.5207,0.0000000
7197.6010,0.0000000
7198.6813,0.0000000
7199.7619,0.0000000
7200.8426,0.0000000
7201.9235,0.0000000
7203.0045,0.0000000
7204.0857,0.0000000
7205.1671,0.0000000
7206.2486,0.0000000
7207.3303,0.0000000
7208.4121,0.0000000
7209.4941,0.0000000
7210.5763,0.0000000
7211.6586,0.0000000
7212.7411,0.0000000
7213.8238,0.0000000
7214.9066,0.0000000
7215.9896,0.0000000
7217.0728,0.0000000
7218.1561,0.0000000
7219.2395,0.0000000
7220.3232,0.0000000
7221.4070,0.0000000
7222.4909,0.0000000
7223.5751,0.0000000
7224.6593,0.0000000
7225.7438,0.0000000
7226.8284,0.0000000
7227.9132,0.0000000
7228.9981,0.0000000
7230.0832,0.0000000
7231.1685,0.0000000
7232.2539,0.0000000
7233.3395,0.0000000
7234.4253,0.0000000
7235.5112,0.0000000
7236.5972,0.0000000
7237.6835,0.0000000
7238.7699,0.0000000
7239.8565,0.0000000
7240.9432,0.0000000
7242.0301,0.0000000
7243.1171,0.0000000
7244.2044,0.0000000
7245.2917,0.0000000
7246.3793,0.0000000
7247.4670,0.0000000
7248.5549,0.0000000
7249.6429,0.0000000
7250.7311,0.0000000
7251.8195,0.0000000
7252.9080,0.0000000
7253.9967,0.0000000
7255.0855,0.0000000
7256.1745,0.0000000
7257.2637,0.0000000
7258.3531,0.0000000
7259.4426,0.0000000
7260.5322,0.0000000
7261.6221,0.0000000
7262.7121,0.0000000
7263.8022,0.0000000
7264.8926,0.0000000
7265.9831,0.0000000
7267.0737,0.0000000
7268.1645,0.0000000
7269.2555,0.0000000
7270.3466,0.0000000
7271.4380,0.0000000
7272.5294,0.0000000
7273.6211,0.0000000
7274.7129,0.0000000
7275.8048,0.0000000
