ebv,ra,dec,tag,z
0.0251138491556048,41.000828,0.004468,3651-55247-0067,0.56447893
