ebv,ra,dec,tag,z
0.0251138491556048,41.000828,0.004468,3651-55247-0058,0.18086039
