ebv,ra,dec,tag,z
0.0254465521499514,39.997546,-0.000498,3650-55244-0029,0.5830291
